checkpoint_file,generation,individual_index,tree_size,tree_height,fitness,tree_hash
checkpoint_gen_10.pkl,10,0,54,7,-5565042.0,458e63b4a9a9831e
checkpoint_gen_10.pkl,10,1,8,3,-5565042.0,1dfbeba1ed2cedee
checkpoint_gen_10.pkl,10,2,7,3,-5565042.0,3568d0e6bc34a5f5
checkpoint_gen_10.pkl,10,3,4,2,-5565042.0,0eb66b97ee75d566
checkpoint_gen_10.pkl,10,4,47,7,-5565042.0,bc27b2e348cd301a
checkpoint_gen_10.pkl,10,5,62,7,-5380886.699999999,db17dde8b1fe71db
checkpoint_gen_10.pkl,10,6,25,6,-5565042.0,b6cc28cf9adecdd8
checkpoint_gen_10.pkl,10,7,39,6,-5380886.699999999,3abbd32a4a833229
checkpoint_gen_10.pkl,10,8,12,4,-3031073.613925171,04e8c2f65c6023f8
checkpoint_gen_10.pkl,10,9,4,2,-5380886.699999999,977ec0a7bd473f38
checkpoint_gen_10.pkl,10,10,43,7,-5380886.699999999,2cc797ae171e9c9a
checkpoint_gen_10.pkl,10,11,4,2,-5565042.0,0eb66b97ee75d566
checkpoint_gen_10.pkl,10,12,111,7,-5565042.0,a5bc4e559f2fa2ef
checkpoint_gen_10.pkl,10,13,23,7,-5565042.0,0443630f9342e760
checkpoint_gen_10.pkl,10,14,25,6,-5565042.0,a490b2041869608a
checkpoint_gen_10.pkl,10,15,90,7,-5380886.699999999,952c8b45f6dda71b
checkpoint_gen_10.pkl,10,16,54,7,-5565042.0,6711f6874a62c873
checkpoint_gen_10.pkl,10,17,99,7,-5565042.0,87180d0fd60ba6b1
checkpoint_gen_10.pkl,10,18,11,4,-5565042.0,eb4125bc9a507590
checkpoint_gen_10.pkl,10,19,4,2,-5565042.0,0eb66b97ee75d566
checkpoint_gen_10.pkl,10,20,38,7,-3031073.613925171,ec8f9257b339dbc7
checkpoint_gen_10.pkl,10,21,4,2,-5565042.0,827564357457d92a
checkpoint_gen_10.pkl,10,22,4,2,-5565042.0,2d06304ca207508f
checkpoint_gen_10.pkl,10,23,31,7,-5288015.619999999,ef0e8bc23ed0ead0
checkpoint_gen_10.pkl,10,24,32,6,-5565042.0,3e5d2da1646ff4dc
checkpoint_gen_10.pkl,10,25,4,2,-5565042.0,0eb66b97ee75d566
checkpoint_gen_10.pkl,10,26,75,7,-5565042.0,1b8fae7a4b69e2db
checkpoint_gen_10.pkl,10,27,10,3,-5565042.0,4cd15a515a5907b0
checkpoint_gen_10.pkl,10,28,11,4,-5565042.0,329f4ae7dffeae37
checkpoint_gen_10.pkl,10,29,63,7,-5565623.402002335,a82f8a4493c0b292
checkpoint_gen_10.pkl,10,30,19,5,-5380886.699999999,39d4c0c2dc4205a8
checkpoint_gen_10.pkl,10,31,49,7,-5565042.0,69723fe487f9166b
checkpoint_gen_10.pkl,10,32,30,6,-5565042.0,5cfe87a74cba72f2
checkpoint_gen_10.pkl,10,33,18,5,-5565042.0,e2a67a8c79aab2f8
checkpoint_gen_10.pkl,10,34,4,2,-5565042.0,46aaf5d7c77a8aff
checkpoint_gen_10.pkl,10,35,4,2,-5565042.0,8cf38aed03ec6f30
checkpoint_gen_10.pkl,10,36,35,7,-5565042.0,42608fba518095bf
checkpoint_gen_10.pkl,10,37,10,3,-5565042.0,7d9165b9751a10ed
checkpoint_gen_10.pkl,10,38,11,4,-2709165.3853564453,d51b0a46f28a5ef6
checkpoint_gen_10.pkl,10,39,44,7,-5565042.0,d277e79d481ff07e
checkpoint_gen_10.pkl,10,40,50,7,-5565042.0,a68622bd584b2da0
checkpoint_gen_10.pkl,10,41,14,5,-5129410.699999999,06897545c71da019
checkpoint_gen_10.pkl,10,42,61,8,-5444499.600000001,72e357887c8f5812
checkpoint_gen_10.pkl,10,43,19,5,-5565042.0,399a5d6590bd1269
checkpoint_gen_10.pkl,10,44,34,5,-5565042.0,48a5eb6fee2dc7ba
checkpoint_gen_10.pkl,10,45,101,7,-2717002.086593628,e534693a92789f25
checkpoint_gen_10.pkl,10,46,16,6,-5565042.0,b355c7f969b1f145
checkpoint_gen_10.pkl,10,47,47,7,-5565042.0,48935958bd4082c7
checkpoint_gen_10.pkl,10,48,4,2,-5565042.0,30020d291e2bded0
checkpoint_gen_10.pkl,10,49,25,7,-5565042.0,1fbb1a4acfdcce61
checkpoint_gen_10.pkl,10,50,84,7,-5565042.0,976dcc6ce0b50e05
checkpoint_gen_10.pkl,10,51,46,7,-5444499.600000001,f6c79138272229f5
checkpoint_gen_10.pkl,10,52,4,2,-5380886.699999999,977ec0a7bd473f38
checkpoint_gen_10.pkl,10,53,49,7,-3029683.6947668456,a1b64bde31f8c9a8
checkpoint_gen_10.pkl,10,54,60,7,-5565042.0,29e2457bdec7db9d
checkpoint_gen_10.pkl,10,55,61,7,-6120918.0,13d73e2e4ed898d5
checkpoint_gen_10.pkl,10,56,44,7,-5129410.699999999,441eeb1df102a0bf
checkpoint_gen_10.pkl,10,57,4,2,-5565042.0,2d06304ca207508f
checkpoint_gen_10.pkl,10,58,17,4,-5565042.0,002cfe729c227c14
checkpoint_gen_10.pkl,10,59,40,6,-5565042.0,741e9fd1ab14c063
checkpoint_gen_10.pkl,10,60,4,2,-5565042.0,46aaf5d7c77a8aff
checkpoint_gen_10.pkl,10,61,8,3,-5565042.0,8bcd7f7bd2919a69
checkpoint_gen_10.pkl,10,62,35,7,-5565042.0,bbefc14dc9449f42
checkpoint_gen_10.pkl,10,63,111,7,-5565042.0,dc90aa5a5b00a212
checkpoint_gen_10.pkl,10,64,4,2,-5565042.0,827564357457d92a
checkpoint_gen_10.pkl,10,65,80,7,-5565042.0,44050fd5c7e18bba
checkpoint_gen_10.pkl,10,66,4,2,-2853379.2057769774,446adf5479352a3b
checkpoint_gen_10.pkl,10,67,4,2,-5565042.0,0eb66b97ee75d566
checkpoint_gen_10.pkl,10,68,12,5,-5114344.699999999,c316308c4dcb0b21
checkpoint_gen_10.pkl,10,69,4,2,-5565042.0,77a88208e5959cac
checkpoint_gen_10.pkl,10,70,11,4,-5565042.0,b260bb6edd2b73cd
checkpoint_gen_10.pkl,10,71,47,7,-5114344.699999999,4670209e500f944e
checkpoint_gen_10.pkl,10,72,8,3,-5565042.0,b340da80855c04ff
checkpoint_gen_10.pkl,10,73,10,3,-5565042.0,42ff425b7315cd68
checkpoint_gen_10.pkl,10,74,20,5,-5565042.0,72cb6efcc7e19863
checkpoint_gen_10.pkl,10,75,24,6,-5565042.0,403d60acb5be9334
checkpoint_gen_10.pkl,10,76,32,6,-5565042.0,9cc600fba1dfa657
checkpoint_gen_10.pkl,10,77,62,7,-5565042.0,b6e73c8e0d896015
checkpoint_gen_10.pkl,10,78,50,7,-5565042.0,a01dab732c119f8d
checkpoint_gen_10.pkl,10,79,85,7,-5565042.0,47b65219c96ee002
checkpoint_gen_10.pkl,10,80,40,7,-5565042.0,58d45e9040f0f229
checkpoint_gen_10.pkl,10,81,28,7,-5565042.0,251667f8b9280779
checkpoint_gen_10.pkl,10,82,56,7,-5565042.0,0d3b196c7274bb14
checkpoint_gen_10.pkl,10,83,39,7,-5565042.0,6cd1904eff5a4145
checkpoint_gen_10.pkl,10,84,29,6,-5565042.0,5150ce9e37d23aa7
checkpoint_gen_10.pkl,10,85,25,4,-4495813.376802674,d535cde24d8b0f6b
checkpoint_gen_10.pkl,10,86,28,7,-5565042.0,ecb56fecb2055631
checkpoint_gen_10.pkl,10,87,27,7,-5565042.0,3c8255c5da785c3f
checkpoint_gen_10.pkl,10,88,71,7,-5380886.699999999,3fcf7b013637873d
checkpoint_gen_10.pkl,10,89,45,7,-2709165.3664855957,c0c5b616ba31f3ae
checkpoint_gen_10.pkl,10,90,44,7,-5565042.0,9381e005c9469f10
checkpoint_gen_10.pkl,10,91,59,7,-5565042.0,ef992ba913f73d5b
checkpoint_gen_10.pkl,10,92,19,6,-5129410.699999999,3fe7ccb383912ed8
checkpoint_gen_10.pkl,10,93,50,7,-5565042.0,13496852ba233ecc
checkpoint_gen_10.pkl,10,94,33,7,-5565042.0,6e9ef848cb2e7cba
checkpoint_gen_10.pkl,10,95,39,7,-5565042.0,27ced2a8b6975df8
checkpoint_gen_10.pkl,10,96,72,7,-6120918.0,ec482a21915e274a
checkpoint_gen_10.pkl,10,97,149,7,-5565042.0,1538dbd6d8ce078e
checkpoint_gen_10.pkl,10,98,50,7,-5190833.600000001,05f065af1af54cf5
checkpoint_gen_10.pkl,10,99,33,7,-2709165.3664855957,4f602aa348c96848
checkpoint_gen_20.pkl,20,0,54,7,-7158366.0,458e63b4a9a9831e
checkpoint_gen_20.pkl,20,1,8,3,-7158366.0,1dfbeba1ed2cedee
checkpoint_gen_20.pkl,20,2,7,3,-7158366.0,3568d0e6bc34a5f5
checkpoint_gen_20.pkl,20,3,4,2,-7158366.0,0eb66b97ee75d566
checkpoint_gen_20.pkl,20,4,47,7,-7158366.0,bc27b2e348cd301a
checkpoint_gen_20.pkl,20,5,62,7,-6912756.7,db17dde8b1fe71db
checkpoint_gen_20.pkl,20,6,25,6,-7158366.0,b6cc28cf9adecdd8
checkpoint_gen_20.pkl,20,7,39,6,-6912756.7,3abbd32a4a833229
checkpoint_gen_20.pkl,20,8,12,4,-4067879.916124267,04e8c2f65c6023f8
checkpoint_gen_20.pkl,20,9,4,2,-6912756.7,977ec0a7bd473f38
checkpoint_gen_20.pkl,20,10,43,7,-6912756.7,2cc797ae171e9c9a
checkpoint_gen_20.pkl,20,11,4,2,-7158366.0,0eb66b97ee75d566
checkpoint_gen_20.pkl,20,12,111,7,-7158366.0,a5bc4e559f2fa2ef
checkpoint_gen_20.pkl,20,13,23,7,-7158366.0,0443630f9342e760
checkpoint_gen_20.pkl,20,14,25,6,-7158366.0,a490b2041869608a
checkpoint_gen_20.pkl,20,15,90,7,-6912756.7,952c8b45f6dda71b
checkpoint_gen_20.pkl,20,16,54,7,-7158366.0,6711f6874a62c873
checkpoint_gen_20.pkl,20,17,99,7,-7158366.0,87180d0fd60ba6b1
checkpoint_gen_20.pkl,20,18,11,4,-7158366.0,eb4125bc9a507590
checkpoint_gen_20.pkl,20,19,4,2,-7158366.0,0eb66b97ee75d566
checkpoint_gen_20.pkl,20,20,38,7,-4067884.1636450193,ec8f9257b339dbc7
checkpoint_gen_20.pkl,20,21,4,2,-7158366.0,827564357457d92a
checkpoint_gen_20.pkl,20,22,4,2,-7158366.0,2d06304ca207508f
checkpoint_gen_20.pkl,20,23,31,7,-7066890.540000001,ef0e8bc23ed0ead0
checkpoint_gen_20.pkl,20,24,32,6,-7158366.0,3e5d2da1646ff4dc
checkpoint_gen_20.pkl,20,25,4,2,-7158366.0,0eb66b97ee75d566
checkpoint_gen_20.pkl,20,26,75,7,-7158366.0,1b8fae7a4b69e2db
checkpoint_gen_20.pkl,20,27,10,3,-7158366.0,4cd15a515a5907b0
checkpoint_gen_20.pkl,20,28,11,4,-7158366.0,329f4ae7dffeae37
checkpoint_gen_20.pkl,20,29,63,7,-7158369.402002335,a82f8a4493c0b292
checkpoint_gen_20.pkl,20,30,19,5,-6912756.7,39d4c0c2dc4205a8
checkpoint_gen_20.pkl,20,31,49,7,-7158366.0,69723fe487f9166b
checkpoint_gen_20.pkl,20,32,30,6,-7158366.0,5cfe87a74cba72f2
checkpoint_gen_20.pkl,20,33,18,5,-7158366.0,e2a67a8c79aab2f8
checkpoint_gen_20.pkl,20,34,4,2,-7158366.0,46aaf5d7c77a8aff
checkpoint_gen_20.pkl,20,35,4,2,-7158366.0,8cf38aed03ec6f30
checkpoint_gen_20.pkl,20,36,35,7,-7158366.0,42608fba518095bf
checkpoint_gen_20.pkl,20,37,10,3,-7158366.0,7d9165b9751a10ed
checkpoint_gen_20.pkl,20,38,11,4,-3635080.555241394,d51b0a46f28a5ef6
checkpoint_gen_20.pkl,20,39,44,7,-7158366.0,d277e79d481ff07e
checkpoint_gen_20.pkl,20,40,50,7,-7158366.0,a68622bd584b2da0
checkpoint_gen_20.pkl,20,41,14,5,-6615846.699999999,06897545c71da019
checkpoint_gen_20.pkl,20,42,61,8,-6990609.6,72e357887c8f5812
checkpoint_gen_20.pkl,20,43,19,5,-7158366.0,399a5d6590bd1269
checkpoint_gen_20.pkl,20,44,34,5,-7158366.0,48a5eb6fee2dc7ba
checkpoint_gen_20.pkl,20,45,101,7,-3645602.4853427126,e534693a92789f25
checkpoint_gen_20.pkl,20,46,16,6,-7158366.0,b355c7f969b1f145
checkpoint_gen_20.pkl,20,47,47,7,-7158366.0,48935958bd4082c7
checkpoint_gen_20.pkl,20,48,4,2,-7158366.0,30020d291e2bded0
checkpoint_gen_20.pkl,20,49,25,7,-7158366.0,1fbb1a4acfdcce61
checkpoint_gen_20.pkl,20,50,84,7,-7158366.0,976dcc6ce0b50e05
checkpoint_gen_20.pkl,20,51,46,7,-6990609.6,f6c79138272229f5
checkpoint_gen_20.pkl,20,52,4,2,-6912756.7,977ec0a7bd473f38
checkpoint_gen_20.pkl,20,53,49,7,-4048844.5819763183,a1b64bde31f8c9a8
checkpoint_gen_20.pkl,20,54,60,7,-7158366.0,29e2457bdec7db9d
checkpoint_gen_20.pkl,20,55,61,7,-8219004.0,13d73e2e4ed898d5
checkpoint_gen_20.pkl,20,56,44,7,-6615846.699999999,441eeb1df102a0bf
checkpoint_gen_20.pkl,20,57,4,2,-7158366.0,2d06304ca207508f
checkpoint_gen_20.pkl,20,58,17,4,-7158366.0,002cfe729c227c14
checkpoint_gen_20.pkl,20,59,40,6,-7158366.0,741e9fd1ab14c063
checkpoint_gen_20.pkl,20,60,4,2,-7158366.0,46aaf5d7c77a8aff
checkpoint_gen_20.pkl,20,61,8,3,-7158366.0,8bcd7f7bd2919a69
checkpoint_gen_20.pkl,20,62,35,7,-7158366.0,bbefc14dc9449f42
checkpoint_gen_20.pkl,20,63,111,7,-7158366.0,dc90aa5a5b00a212
checkpoint_gen_20.pkl,20,64,4,2,-7158366.0,827564357457d92a
checkpoint_gen_20.pkl,20,65,80,7,-7158366.0,44050fd5c7e18bba
checkpoint_gen_20.pkl,20,66,4,2,-4261778.982579956,446adf5479352a3b
checkpoint_gen_20.pkl,20,67,4,2,-7158366.0,0eb66b97ee75d566
checkpoint_gen_20.pkl,20,68,12,5,-6597184.699999999,c316308c4dcb0b21
checkpoint_gen_20.pkl,20,69,4,2,-7158366.0,77a88208e5959cac
checkpoint_gen_20.pkl,20,70,11,4,-7158366.0,b260bb6edd2b73cd
checkpoint_gen_20.pkl,20,71,47,7,-6597184.699999999,4670209e500f944e
checkpoint_gen_20.pkl,20,72,8,3,-7158366.0,b340da80855c04ff
checkpoint_gen_20.pkl,20,73,10,3,-7158366.0,42ff425b7315cd68
checkpoint_gen_20.pkl,20,74,20,5,-7158366.0,72cb6efcc7e19863
checkpoint_gen_20.pkl,20,75,24,6,-7158366.0,403d60acb5be9334
checkpoint_gen_20.pkl,20,76,32,6,-7158366.0,9cc600fba1dfa657
checkpoint_gen_20.pkl,20,77,62,7,-7158366.0,b6e73c8e0d896015
checkpoint_gen_20.pkl,20,78,50,7,-7158366.0,a01dab732c119f8d
checkpoint_gen_20.pkl,20,79,85,7,-7158366.0,47b65219c96ee002
checkpoint_gen_20.pkl,20,80,40,7,-7158366.0,58d45e9040f0f229
checkpoint_gen_20.pkl,20,81,28,7,-7158366.0,251667f8b9280779
checkpoint_gen_20.pkl,20,82,56,7,-7158366.0,0d3b196c7274bb14
checkpoint_gen_20.pkl,20,83,39,7,-7158366.0,6cd1904eff5a4145
checkpoint_gen_20.pkl,20,84,29,6,-7158366.0,5150ce9e37d23aa7
checkpoint_gen_20.pkl,20,85,25,4,-6483719.342468567,d535cde24d8b0f6b
checkpoint_gen_20.pkl,20,86,28,7,-7158366.0,ecb56fecb2055631
checkpoint_gen_20.pkl,20,87,27,7,-7158366.0,3c8255c5da785c3f
checkpoint_gen_20.pkl,20,88,71,7,-6912756.7,3fcf7b013637873d
checkpoint_gen_20.pkl,20,89,45,7,-3633835.5484481812,c0c5b616ba31f3ae
checkpoint_gen_20.pkl,20,90,44,7,-7158366.0,9381e005c9469f10
checkpoint_gen_20.pkl,20,91,59,7,-7158366.0,ef992ba913f73d5b
checkpoint_gen_20.pkl,20,92,19,6,-6615846.699999999,3fe7ccb383912ed8
checkpoint_gen_20.pkl,20,93,50,7,-7158366.0,13496852ba233ecc
checkpoint_gen_20.pkl,20,94,33,7,-7158366.0,6e9ef848cb2e7cba
checkpoint_gen_20.pkl,20,95,39,7,-7158366.0,27ced2a8b6975df8
checkpoint_gen_20.pkl,20,96,72,7,-8219004.0,ec482a21915e274a
checkpoint_gen_20.pkl,20,97,149,7,-7158366.0,1538dbd6d8ce078e
checkpoint_gen_20.pkl,20,98,50,7,-6691599.600000001,05f065af1af54cf5
checkpoint_gen_20.pkl,20,99,33,7,-3633835.5484481812,4f602aa348c96848
checkpoint_gen_30.pkl,30,0,54,7,-7162434.0,458e63b4a9a9831e
checkpoint_gen_30.pkl,30,1,8,3,-7162434.0,1dfbeba1ed2cedee
checkpoint_gen_30.pkl,30,2,7,3,-7162434.0,3568d0e6bc34a5f5
checkpoint_gen_30.pkl,30,3,4,2,-7162434.0,0eb66b97ee75d566
checkpoint_gen_30.pkl,30,4,47,7,-7162434.0,bc27b2e348cd301a
checkpoint_gen_30.pkl,30,5,62,7,-6917356.7,db17dde8b1fe71db
checkpoint_gen_30.pkl,30,6,25,6,-7162434.0,b6cc28cf9adecdd8
checkpoint_gen_30.pkl,30,7,39,6,-6917356.7,3abbd32a4a833229
checkpoint_gen_30.pkl,30,8,12,4,-6070165.752610474,04e8c2f65c6023f8
checkpoint_gen_30.pkl,30,9,4,2,-6917356.7,977ec0a7bd473f38
checkpoint_gen_30.pkl,30,10,43,7,-6917356.7,2cc797ae171e9c9a
checkpoint_gen_30.pkl,30,11,4,2,-7162434.0,0eb66b97ee75d566
checkpoint_gen_30.pkl,30,12,111,7,-7162434.0,a5bc4e559f2fa2ef
checkpoint_gen_30.pkl,30,13,23,7,-7162434.0,0443630f9342e760
checkpoint_gen_30.pkl,30,14,25,6,-7162434.0,a490b2041869608a
checkpoint_gen_30.pkl,30,15,90,7,-6917356.7,952c8b45f6dda71b
checkpoint_gen_30.pkl,30,16,54,7,-7162434.0,6711f6874a62c873
checkpoint_gen_30.pkl,30,17,99,7,-7162434.0,87180d0fd60ba6b1
checkpoint_gen_30.pkl,30,18,11,4,-7162434.0,eb4125bc9a507590
checkpoint_gen_30.pkl,30,19,4,2,-7162434.0,0eb66b97ee75d566
checkpoint_gen_30.pkl,30,20,38,7,-6043789.640152588,ec8f9257b339dbc7
checkpoint_gen_30.pkl,30,21,4,2,-7162434.0,827564357457d92a
checkpoint_gen_30.pkl,30,22,4,2,-7162434.0,2d06304ca207508f
checkpoint_gen_30.pkl,30,23,31,7,-7027932.540000001,ef0e8bc23ed0ead0
checkpoint_gen_30.pkl,30,24,32,6,-7162434.0,3e5d2da1646ff4dc
checkpoint_gen_30.pkl,30,25,4,2,-7162434.0,0eb66b97ee75d566
checkpoint_gen_30.pkl,30,26,75,7,-7162434.0,1b8fae7a4b69e2db
checkpoint_gen_30.pkl,30,27,10,3,-7162434.0,4cd15a515a5907b0
checkpoint_gen_30.pkl,30,28,11,4,-7162434.0,329f4ae7dffeae37
checkpoint_gen_30.pkl,30,29,63,7,-7162689.402002335,a82f8a4493c0b292
checkpoint_gen_30.pkl,30,30,19,5,-6917356.7,39d4c0c2dc4205a8
checkpoint_gen_30.pkl,30,31,49,7,-7162434.0,69723fe487f9166b
checkpoint_gen_30.pkl,30,32,30,6,-7162434.0,5cfe87a74cba72f2
checkpoint_gen_30.pkl,30,33,18,5,-7162434.0,e2a67a8c79aab2f8
checkpoint_gen_30.pkl,30,34,4,2,-7162434.0,46aaf5d7c77a8aff
checkpoint_gen_30.pkl,30,35,4,2,-7162434.0,8cf38aed03ec6f30
checkpoint_gen_30.pkl,30,36,35,7,-7162434.0,42608fba518095bf
checkpoint_gen_30.pkl,30,37,10,3,-7162434.0,7d9165b9751a10ed
checkpoint_gen_30.pkl,30,38,11,4,-5058733.1581658935,d51b0a46f28a5ef6
checkpoint_gen_30.pkl,30,39,44,7,-7162434.0,d277e79d481ff07e
checkpoint_gen_30.pkl,30,40,50,7,-7162434.0,a68622bd584b2da0
checkpoint_gen_30.pkl,30,41,14,5,-6617026.699999999,06897545c71da019
checkpoint_gen_30.pkl,30,42,61,8,-6995433.6,72e357887c8f5812
checkpoint_gen_30.pkl,30,43,19,5,-7162434.0,399a5d6590bd1269
checkpoint_gen_30.pkl,30,44,34,5,-7162434.0,48a5eb6fee2dc7ba
checkpoint_gen_30.pkl,30,45,101,7,-5054856.511671143,e534693a92789f25
checkpoint_gen_30.pkl,30,46,16,6,-7162434.0,b355c7f969b1f145
checkpoint_gen_30.pkl,30,47,47,7,-7162434.0,48935958bd4082c7
checkpoint_gen_30.pkl,30,48,4,2,-7162434.0,30020d291e2bded0
checkpoint_gen_30.pkl,30,49,25,7,-7162434.0,1fbb1a4acfdcce61
checkpoint_gen_30.pkl,30,50,84,7,-7162434.0,976dcc6ce0b50e05
checkpoint_gen_30.pkl,30,51,46,7,-6995433.6,f6c79138272229f5
checkpoint_gen_30.pkl,30,52,4,2,-6917356.7,977ec0a7bd473f38
checkpoint_gen_30.pkl,30,53,49,7,-6060240.380769653,a1b64bde31f8c9a8
checkpoint_gen_30.pkl,30,54,60,7,-7162434.0,29e2457bdec7db9d
checkpoint_gen_30.pkl,30,55,61,7,-8221004.0,13d73e2e4ed898d5
checkpoint_gen_30.pkl,30,56,44,7,-6617026.699999999,441eeb1df102a0bf
checkpoint_gen_30.pkl,30,57,4,2,-7162434.0,2d06304ca207508f
checkpoint_gen_30.pkl,30,58,17,4,-7162434.0,002cfe729c227c14
checkpoint_gen_30.pkl,30,59,40,6,-7162434.0,741e9fd1ab14c063
checkpoint_gen_30.pkl,30,60,4,2,-7162434.0,46aaf5d7c77a8aff
checkpoint_gen_30.pkl,30,61,8,3,-7162434.0,8bcd7f7bd2919a69
checkpoint_gen_30.pkl,30,62,35,7,-7162434.0,bbefc14dc9449f42
checkpoint_gen_30.pkl,30,63,111,7,-7162434.0,dc90aa5a5b00a212
checkpoint_gen_30.pkl,30,64,4,2,-7162434.0,827564357457d92a
checkpoint_gen_30.pkl,30,65,80,7,-7162434.0,44050fd5c7e18bba
checkpoint_gen_30.pkl,30,66,4,2,-5332241.551564331,446adf5479352a3b
checkpoint_gen_30.pkl,30,67,4,2,-7162434.0,0eb66b97ee75d566
checkpoint_gen_30.pkl,30,68,12,5,-6598308.699999999,c316308c4dcb0b21
checkpoint_gen_30.pkl,30,69,4,2,-7162434.0,77a88208e5959cac
checkpoint_gen_30.pkl,30,70,11,4,-7162434.0,b260bb6edd2b73cd
checkpoint_gen_30.pkl,30,71,47,7,-6598308.699999999,4670209e500f944e
checkpoint_gen_30.pkl,30,72,8,3,-7162434.0,b340da80855c04ff
checkpoint_gen_30.pkl,30,73,10,3,-7162434.0,42ff425b7315cd68
checkpoint_gen_30.pkl,30,74,20,5,-7162434.0,72cb6efcc7e19863
checkpoint_gen_30.pkl,30,75,24,6,-7162434.0,403d60acb5be9334
checkpoint_gen_30.pkl,30,76,32,6,-7162434.0,9cc600fba1dfa657
checkpoint_gen_30.pkl,30,77,62,7,-7162434.0,b6e73c8e0d896015
checkpoint_gen_30.pkl,30,78,50,7,-7162434.0,a01dab732c119f8d
checkpoint_gen_30.pkl,30,79,85,7,-7162434.0,47b65219c96ee002
checkpoint_gen_30.pkl,30,80,40,7,-7162434.0,58d45e9040f0f229
checkpoint_gen_30.pkl,30,81,28,7,-7162434.0,251667f8b9280779
checkpoint_gen_30.pkl,30,82,56,7,-7162434.0,0d3b196c7274bb14
checkpoint_gen_30.pkl,30,83,39,7,-7162434.0,6cd1904eff5a4145
checkpoint_gen_30.pkl,30,84,29,6,-7162434.0,5150ce9e37d23aa7
checkpoint_gen_30.pkl,30,85,25,4,-6480620.948735351,d535cde24d8b0f6b
checkpoint_gen_30.pkl,30,86,28,7,-7162434.0,ecb56fecb2055631
checkpoint_gen_30.pkl,30,87,27,7,-7162434.0,3c8255c5da785c3f
checkpoint_gen_30.pkl,30,88,71,7,-6917356.7,3fcf7b013637873d
checkpoint_gen_30.pkl,30,89,45,7,-5053471.076824342,c0c5b616ba31f3ae
checkpoint_gen_30.pkl,30,90,44,7,-7162434.0,9381e005c9469f10
checkpoint_gen_30.pkl,30,91,59,7,-7162434.0,ef992ba913f73d5b
checkpoint_gen_30.pkl,30,92,19,6,-6617026.699999999,3fe7ccb383912ed8
checkpoint_gen_30.pkl,30,93,50,7,-7162434.0,13496852ba233ecc
checkpoint_gen_30.pkl,30,94,33,7,-7162434.0,6e9ef848cb2e7cba
checkpoint_gen_30.pkl,30,95,39,7,-7162434.0,27ced2a8b6975df8
checkpoint_gen_30.pkl,30,96,72,7,-8221004.0,ec482a21915e274a
checkpoint_gen_30.pkl,30,97,149,7,-7162434.0,1538dbd6d8ce078e
checkpoint_gen_30.pkl,30,98,50,7,-6693003.600000001,05f065af1af54cf5
checkpoint_gen_30.pkl,30,99,33,7,-5053471.076824342,4f602aa348c96848
checkpoint_gen_40.pkl,40,0,54,7,-8225004.0,458e63b4a9a9831e
checkpoint_gen_40.pkl,40,1,8,3,-8225004.0,1dfbeba1ed2cedee
checkpoint_gen_40.pkl,40,2,7,3,-8225004.0,3568d0e6bc34a5f5
checkpoint_gen_40.pkl,40,3,4,2,-8225004.0,0eb66b97ee75d566
checkpoint_gen_40.pkl,40,4,47,7,-8225004.0,bc27b2e348cd301a
checkpoint_gen_40.pkl,40,5,62,7,-7938836.7,db17dde8b1fe71db
checkpoint_gen_40.pkl,40,6,25,6,-8225004.0,b6cc28cf9adecdd8
checkpoint_gen_40.pkl,40,7,39,6,-7938836.7,3abbd32a4a833229
checkpoint_gen_40.pkl,40,8,12,4,-5533644.8134765625,04e8c2f65c6023f8
checkpoint_gen_40.pkl,40,9,4,2,-7938836.7,977ec0a7bd473f38
checkpoint_gen_40.pkl,40,10,43,7,-7938836.7,2cc797ae171e9c9a
checkpoint_gen_40.pkl,40,11,4,2,-8225004.0,0eb66b97ee75d566
checkpoint_gen_40.pkl,40,12,111,7,-8225004.0,a5bc4e559f2fa2ef
checkpoint_gen_40.pkl,40,13,23,7,-8225004.0,0443630f9342e760
checkpoint_gen_40.pkl,40,14,25,6,-8225004.0,a490b2041869608a
checkpoint_gen_40.pkl,40,15,90,7,-7938836.7,952c8b45f6dda71b
checkpoint_gen_40.pkl,40,16,54,7,-8225004.0,6711f6874a62c873
checkpoint_gen_40.pkl,40,17,99,7,-8225004.0,87180d0fd60ba6b1
checkpoint_gen_40.pkl,40,18,11,4,-8225004.0,eb4125bc9a507590
checkpoint_gen_40.pkl,40,19,4,2,-8225004.0,0eb66b97ee75d566
checkpoint_gen_40.pkl,40,20,38,7,-5018830.867879028,ec8f9257b339dbc7
checkpoint_gen_40.pkl,40,21,4,2,-8225004.0,827564357457d92a
checkpoint_gen_40.pkl,40,22,4,2,-8225004.0,2d06304ca207508f
checkpoint_gen_40.pkl,40,23,31,7,-8225004.0,ef0e8bc23ed0ead0
checkpoint_gen_40.pkl,40,24,32,6,-8225004.0,3e5d2da1646ff4dc
checkpoint_gen_40.pkl,40,25,4,2,-8225004.0,0eb66b97ee75d566
checkpoint_gen_40.pkl,40,26,75,7,-8225004.0,1b8fae7a4b69e2db
checkpoint_gen_40.pkl,40,27,10,3,-8225004.0,4cd15a515a5907b0
checkpoint_gen_40.pkl,40,28,11,4,-8225004.0,329f4ae7dffeae37
checkpoint_gen_40.pkl,40,29,63,7,-8225007.402002335,a82f8a4493c0b292
checkpoint_gen_40.pkl,40,30,19,5,-7938836.7,39d4c0c2dc4205a8
checkpoint_gen_40.pkl,40,31,49,7,-8225004.0,69723fe487f9166b
checkpoint_gen_40.pkl,40,32,30,6,-8225004.0,5cfe87a74cba72f2
checkpoint_gen_40.pkl,40,33,18,5,-8225004.0,e2a67a8c79aab2f8
checkpoint_gen_40.pkl,40,34,4,2,-8225004.0,46aaf5d7c77a8aff
checkpoint_gen_40.pkl,40,35,4,2,-8225004.0,8cf38aed03ec6f30
checkpoint_gen_40.pkl,40,36,35,7,-8225004.0,42608fba518095bf
checkpoint_gen_40.pkl,40,37,10,3,-8225004.0,7d9165b9751a10ed
checkpoint_gen_40.pkl,40,38,11,4,-4905972.3884179685,d51b0a46f28a5ef6
checkpoint_gen_40.pkl,40,39,44,7,-8225004.0,d277e79d481ff07e
checkpoint_gen_40.pkl,40,40,50,7,-8225004.0,a68622bd584b2da0
checkpoint_gen_40.pkl,40,41,14,5,-7624148.7,06897545c71da019
checkpoint_gen_40.pkl,40,42,61,8,-8026377.6,72e357887c8f5812
checkpoint_gen_40.pkl,40,43,19,5,-8225004.0,399a5d6590bd1269
checkpoint_gen_40.pkl,40,44,34,5,-8225004.0,48a5eb6fee2dc7ba
checkpoint_gen_40.pkl,40,45,101,7,-4913688.253415527,e534693a92789f25
checkpoint_gen_40.pkl,40,46,16,6,-8225004.0,b355c7f969b1f145
checkpoint_gen_40.pkl,40,47,47,7,-8225004.0,48935958bd4082c7
checkpoint_gen_40.pkl,40,48,4,2,-8225004.0,30020d291e2bded0
checkpoint_gen_40.pkl,40,49,25,7,-8225004.0,1fbb1a4acfdcce61
checkpoint_gen_40.pkl,40,50,84,7,-8225004.0,976dcc6ce0b50e05
checkpoint_gen_40.pkl,40,51,46,7,-8026377.6,f6c79138272229f5
checkpoint_gen_40.pkl,40,52,4,2,-7938836.7,977ec0a7bd473f38
checkpoint_gen_40.pkl,40,53,49,7,-5525202.582823487,a1b64bde31f8c9a8
checkpoint_gen_40.pkl,40,54,60,7,-8225004.0,29e2457bdec7db9d
checkpoint_gen_40.pkl,40,55,61,7,-8225004.0,13d73e2e4ed898d5
checkpoint_gen_40.pkl,40,56,44,7,-7624148.7,441eeb1df102a0bf
checkpoint_gen_40.pkl,40,57,4,2,-8225004.0,2d06304ca207508f
checkpoint_gen_40.pkl,40,58,17,4,-8225004.0,002cfe729c227c14
checkpoint_gen_40.pkl,40,59,40,6,-8225004.0,741e9fd1ab14c063
checkpoint_gen_40.pkl,40,60,4,2,-8225004.0,46aaf5d7c77a8aff
checkpoint_gen_40.pkl,40,61,8,3,-8225004.0,8bcd7f7bd2919a69
checkpoint_gen_40.pkl,40,62,35,7,-8225004.0,bbefc14dc9449f42
checkpoint_gen_40.pkl,40,63,111,7,-8225004.0,dc90aa5a5b00a212
checkpoint_gen_40.pkl,40,64,4,2,-8225004.0,827564357457d92a
checkpoint_gen_40.pkl,40,65,80,7,-8225004.0,44050fd5c7e18bba
checkpoint_gen_40.pkl,40,66,4,2,-5188043.880279541,446adf5479352a3b
checkpoint_gen_40.pkl,40,67,4,2,-8225004.0,0eb66b97ee75d566
checkpoint_gen_40.pkl,40,68,12,5,-7603004.7,c316308c4dcb0b21
checkpoint_gen_40.pkl,40,69,4,2,-8225004.0,77a88208e5959cac
checkpoint_gen_40.pkl,40,70,11,4,-8225004.0,b260bb6edd2b73cd
checkpoint_gen_40.pkl,40,71,47,7,-7603004.7,4670209e500f944e
checkpoint_gen_40.pkl,40,72,8,3,-8225004.0,b340da80855c04ff
checkpoint_gen_40.pkl,40,73,10,3,-8225004.0,42ff425b7315cd68
checkpoint_gen_40.pkl,40,74,20,5,-8225004.0,72cb6efcc7e19863
checkpoint_gen_40.pkl,40,75,24,6,-8225004.0,403d60acb5be9334
checkpoint_gen_40.pkl,40,76,32,6,-8225004.0,9cc600fba1dfa657
checkpoint_gen_40.pkl,40,77,62,7,-8225004.0,b6e73c8e0d896015
checkpoint_gen_40.pkl,40,78,50,7,-8225004.0,a01dab732c119f8d
checkpoint_gen_40.pkl,40,79,85,7,-8225004.0,47b65219c96ee002
checkpoint_gen_40.pkl,40,80,40,7,-8225004.0,58d45e9040f0f229
checkpoint_gen_40.pkl,40,81,28,7,-8225004.0,251667f8b9280779
checkpoint_gen_40.pkl,40,82,56,7,-8225004.0,0d3b196c7274bb14
checkpoint_gen_40.pkl,40,83,39,7,-8225004.0,6cd1904eff5a4145
checkpoint_gen_40.pkl,40,84,29,6,-8225004.0,5150ce9e37d23aa7
checkpoint_gen_40.pkl,40,85,25,4,-7495265.949583739,d535cde24d8b0f6b
checkpoint_gen_40.pkl,40,86,28,7,-8225004.0,ecb56fecb2055631
checkpoint_gen_40.pkl,40,87,27,7,-8225004.0,3c8255c5da785c3f
checkpoint_gen_40.pkl,40,88,71,7,-7938836.7,3fcf7b013637873d
checkpoint_gen_40.pkl,40,89,45,7,-4891531.012220459,c0c5b616ba31f3ae
checkpoint_gen_40.pkl,40,90,44,7,-8225004.0,9381e005c9469f10
checkpoint_gen_40.pkl,40,91,59,7,-8225004.0,ef992ba913f73d5b
checkpoint_gen_40.pkl,40,92,19,6,-7624148.7,3fe7ccb383912ed8
checkpoint_gen_40.pkl,40,93,50,7,-8225004.0,13496852ba233ecc
checkpoint_gen_40.pkl,40,94,33,7,-8225004.0,6e9ef848cb2e7cba
checkpoint_gen_40.pkl,40,95,39,7,-8225004.0,27ced2a8b6975df8
checkpoint_gen_40.pkl,40,96,72,7,-8225004.0,ec482a21915e274a
checkpoint_gen_40.pkl,40,97,149,7,-8225004.0,1538dbd6d8ce078e
checkpoint_gen_40.pkl,40,98,50,7,-7709739.6,05f065af1af54cf5
checkpoint_gen_40.pkl,40,99,33,7,-4891531.012220459,4f602aa348c96848
checkpoint_gen_50.pkl,50,0,54,7,-7681776.0,458e63b4a9a9831e
checkpoint_gen_50.pkl,50,1,8,3,-7681776.0,1dfbeba1ed2cedee
checkpoint_gen_50.pkl,50,2,7,3,-7681776.0,3568d0e6bc34a5f5
checkpoint_gen_50.pkl,50,3,4,2,-7681776.0,0eb66b97ee75d566
checkpoint_gen_50.pkl,50,4,47,7,-7681776.0,bc27b2e348cd301a
checkpoint_gen_50.pkl,50,5,62,7,-7415432.7,db17dde8b1fe71db
checkpoint_gen_50.pkl,50,6,25,6,-7681776.0,b6cc28cf9adecdd8
checkpoint_gen_50.pkl,50,7,39,6,-7415432.7,3abbd32a4a833229
checkpoint_gen_50.pkl,50,8,12,4,-4460697.147872925,04e8c2f65c6023f8
checkpoint_gen_50.pkl,50,9,4,2,-7415432.7,977ec0a7bd473f38
checkpoint_gen_50.pkl,50,10,43,7,-7415432.7,2cc797ae171e9c9a
checkpoint_gen_50.pkl,50,11,4,2,-7681776.0,0eb66b97ee75d566
checkpoint_gen_50.pkl,50,12,111,7,-7681776.0,a5bc4e559f2fa2ef
checkpoint_gen_50.pkl,50,13,23,7,-7681776.0,0443630f9342e760
checkpoint_gen_50.pkl,50,14,25,6,-7681776.0,a490b2041869608a
checkpoint_gen_50.pkl,50,15,90,7,-7415432.7,952c8b45f6dda71b
checkpoint_gen_50.pkl,50,16,54,7,-7681776.0,6711f6874a62c873
checkpoint_gen_50.pkl,50,17,99,7,-7681776.0,87180d0fd60ba6b1
checkpoint_gen_50.pkl,50,18,11,4,-7681776.0,eb4125bc9a507590
checkpoint_gen_50.pkl,50,19,4,2,-7681776.0,0eb66b97ee75d566
checkpoint_gen_50.pkl,50,20,38,7,-4460701.395393677,ec8f9257b339dbc7
checkpoint_gen_50.pkl,50,21,4,2,-7681776.0,827564357457d92a
checkpoint_gen_50.pkl,50,22,4,2,-7681776.0,2d06304ca207508f
checkpoint_gen_50.pkl,50,23,31,7,-7547274.540000001,ef0e8bc23ed0ead0
checkpoint_gen_50.pkl,50,24,32,6,-7681776.0,3e5d2da1646ff4dc
checkpoint_gen_50.pkl,50,25,4,2,-7681776.0,0eb66b97ee75d566
checkpoint_gen_50.pkl,50,26,75,7,-7681776.0,1b8fae7a4b69e2db
checkpoint_gen_50.pkl,50,27,10,3,-7681776.0,4cd15a515a5907b0
checkpoint_gen_50.pkl,50,28,11,4,-7681776.0,329f4ae7dffeae37
checkpoint_gen_50.pkl,50,29,63,7,-7681779.402002335,a82f8a4493c0b292
checkpoint_gen_50.pkl,50,30,19,5,-7415432.7,39d4c0c2dc4205a8
checkpoint_gen_50.pkl,50,31,49,7,-7681776.0,69723fe487f9166b
checkpoint_gen_50.pkl,50,32,30,6,-7681776.0,5cfe87a74cba72f2
checkpoint_gen_50.pkl,50,33,18,5,-7681776.0,e2a67a8c79aab2f8
checkpoint_gen_50.pkl,50,34,4,2,-7681776.0,46aaf5d7c77a8aff
checkpoint_gen_50.pkl,50,35,4,2,-7681776.0,8cf38aed03ec6f30
checkpoint_gen_50.pkl,50,36,35,7,-7681776.0,42608fba518095bf
checkpoint_gen_50.pkl,50,37,10,3,-7681776.0,7d9165b9751a10ed
checkpoint_gen_50.pkl,50,38,11,4,-3913250.0099972533,d51b0a46f28a5ef6
checkpoint_gen_50.pkl,50,39,44,7,-7681776.0,d277e79d481ff07e
checkpoint_gen_50.pkl,50,40,50,7,-7681776.0,a68622bd584b2da0
checkpoint_gen_50.pkl,50,41,14,5,-7103378.7,06897545c71da019
checkpoint_gen_50.pkl,50,42,61,8,-7497765.6,72e357887c8f5812
checkpoint_gen_50.pkl,50,43,19,5,-7681776.0,399a5d6590bd1269
checkpoint_gen_50.pkl,50,44,34,5,-7681776.0,48a5eb6fee2dc7ba
checkpoint_gen_50.pkl,50,45,101,7,-3923649.887225952,e534693a92789f25
checkpoint_gen_50.pkl,50,46,16,6,-7681776.0,b355c7f969b1f145
checkpoint_gen_50.pkl,50,47,47,7,-7681776.0,48935958bd4082c7
checkpoint_gen_50.pkl,50,48,4,2,-7681776.0,30020d291e2bded0
checkpoint_gen_50.pkl,50,49,25,7,-7681776.0,1fbb1a4acfdcce61
checkpoint_gen_50.pkl,50,50,84,7,-7681776.0,976dcc6ce0b50e05
checkpoint_gen_50.pkl,50,51,46,7,-7497765.6,f6c79138272229f5
checkpoint_gen_50.pkl,50,52,4,2,-7415432.7,977ec0a7bd473f38
checkpoint_gen_50.pkl,50,53,49,7,-4453773.99038208,a1b64bde31f8c9a8
checkpoint_gen_50.pkl,50,54,60,7,-7681776.0,29e2457bdec7db9d
checkpoint_gen_50.pkl,50,55,61,7,-8223004.0,13d73e2e4ed898d5
checkpoint_gen_50.pkl,50,56,44,7,-7103378.7,441eeb1df102a0bf
checkpoint_gen_50.pkl,50,57,4,2,-7681776.0,2d06304ca207508f
checkpoint_gen_50.pkl,50,58,17,4,-7681776.0,002cfe729c227c14
checkpoint_gen_50.pkl,50,59,40,6,-7681776.0,741e9fd1ab14c063
checkpoint_gen_50.pkl,50,60,4,2,-7681776.0,46aaf5d7c77a8aff
checkpoint_gen_50.pkl,50,61,8,3,-7681776.0,8bcd7f7bd2919a69
checkpoint_gen_50.pkl,50,62,35,7,-7681776.0,bbefc14dc9449f42
checkpoint_gen_50.pkl,50,63,111,7,-7681776.0,dc90aa5a5b00a212
checkpoint_gen_50.pkl,50,64,4,2,-7681776.0,827564357457d92a
checkpoint_gen_50.pkl,50,65,80,7,-7681776.0,44050fd5c7e18bba
checkpoint_gen_50.pkl,50,66,4,2,-4124180.0569860837,446adf5479352a3b
checkpoint_gen_50.pkl,50,67,4,2,-7681776.0,0eb66b97ee75d566
checkpoint_gen_50.pkl,50,68,12,5,-7083584.7,c316308c4dcb0b21
checkpoint_gen_50.pkl,50,69,4,2,-7681776.0,77a88208e5959cac
checkpoint_gen_50.pkl,50,70,11,4,-7681776.0,b260bb6edd2b73cd
checkpoint_gen_50.pkl,50,71,47,7,-7083584.7,4670209e500f944e
checkpoint_gen_50.pkl,50,72,8,3,-7681776.0,b340da80855c04ff
checkpoint_gen_50.pkl,50,73,10,3,-7681776.0,42ff425b7315cd68
checkpoint_gen_50.pkl,50,74,20,5,-7681776.0,72cb6efcc7e19863
checkpoint_gen_50.pkl,50,75,24,6,-7681776.0,403d60acb5be9334
checkpoint_gen_50.pkl,50,76,32,6,-7681776.0,9cc600fba1dfa657
checkpoint_gen_50.pkl,50,77,62,7,-7681776.0,b6e73c8e0d896015
checkpoint_gen_50.pkl,50,78,50,7,-7681776.0,a01dab732c119f8d
checkpoint_gen_50.pkl,50,79,85,7,-7681776.0,47b65219c96ee002
checkpoint_gen_50.pkl,50,80,40,7,-7681776.0,58d45e9040f0f229
checkpoint_gen_50.pkl,50,81,28,7,-7681776.0,251667f8b9280779
checkpoint_gen_50.pkl,50,82,56,7,-7681776.0,0d3b196c7274bb14
checkpoint_gen_50.pkl,50,83,39,7,-7681776.0,6cd1904eff5a4145
checkpoint_gen_50.pkl,50,84,29,6,-7681776.0,5150ce9e37d23aa7
checkpoint_gen_50.pkl,50,85,25,4,-6979166.735192565,d535cde24d8b0f6b
checkpoint_gen_50.pkl,50,86,28,7,-7681776.0,ecb56fecb2055631
checkpoint_gen_50.pkl,50,87,27,7,-7681776.0,3c8255c5da785c3f
checkpoint_gen_50.pkl,50,88,71,7,-7415432.7,3fcf7b013637873d
checkpoint_gen_50.pkl,50,89,45,7,-3908666.830374451,c0c5b616ba31f3ae
checkpoint_gen_50.pkl,50,90,44,7,-7681776.0,9381e005c9469f10
checkpoint_gen_50.pkl,50,91,59,7,-7681776.0,ef992ba913f73d5b
checkpoint_gen_50.pkl,50,92,19,6,-7103378.7,3fe7ccb383912ed8
checkpoint_gen_50.pkl,50,93,50,7,-7681776.0,13496852ba233ecc
checkpoint_gen_50.pkl,50,94,33,7,-7681776.0,6e9ef848cb2e7cba
checkpoint_gen_50.pkl,50,95,39,7,-7681776.0,27ced2a8b6975df8
checkpoint_gen_50.pkl,50,96,72,7,-8223004.0,ec482a21915e274a
checkpoint_gen_50.pkl,50,97,149,7,-7681776.0,1538dbd6d8ce078e
checkpoint_gen_50.pkl,50,98,50,7,-7183641.6,05f065af1af54cf5
checkpoint_gen_50.pkl,50,99,33,7,-3908666.830374451,4f602aa348c96848
checkpoint_gen_60.pkl,60,0,54,7,-8225004.0,458e63b4a9a9831e
checkpoint_gen_60.pkl,60,1,8,3,-8225004.0,1dfbeba1ed2cedee
checkpoint_gen_60.pkl,60,2,7,3,-8225004.0,3568d0e6bc34a5f5
checkpoint_gen_60.pkl,60,3,4,2,-8225004.0,0eb66b97ee75d566
checkpoint_gen_60.pkl,60,4,47,7,-8225004.0,bc27b2e348cd301a
checkpoint_gen_60.pkl,60,5,62,7,-7938836.7,db17dde8b1fe71db
checkpoint_gen_60.pkl,60,6,25,6,-8225004.0,b6cc28cf9adecdd8
checkpoint_gen_60.pkl,60,7,39,6,-7938836.7,3abbd32a4a833229
checkpoint_gen_60.pkl,60,8,12,4,-6166918.9252771,04e8c2f65c6023f8
checkpoint_gen_60.pkl,60,9,4,2,-7938836.7,977ec0a7bd473f38
checkpoint_gen_60.pkl,60,10,43,7,-7938836.7,2cc797ae171e9c9a
checkpoint_gen_60.pkl,60,11,4,2,-8225004.0,0eb66b97ee75d566
checkpoint_gen_60.pkl,60,12,111,7,-8225004.0,a5bc4e559f2fa2ef
checkpoint_gen_60.pkl,60,13,23,7,-8225004.0,0443630f9342e760
checkpoint_gen_60.pkl,60,14,25,6,-8225004.0,a490b2041869608a
checkpoint_gen_60.pkl,60,15,90,7,-7938836.7,952c8b45f6dda71b
checkpoint_gen_60.pkl,60,16,54,7,-8225004.0,6711f6874a62c873
checkpoint_gen_60.pkl,60,17,99,7,-8225004.0,87180d0fd60ba6b1
checkpoint_gen_60.pkl,60,18,11,4,-8225004.0,eb4125bc9a507590
checkpoint_gen_60.pkl,60,19,4,2,-8225004.0,0eb66b97ee75d566
checkpoint_gen_60.pkl,60,20,38,7,-6166918.9252771,ec8f9257b339dbc7
checkpoint_gen_60.pkl,60,21,4,2,-8225004.0,827564357457d92a
checkpoint_gen_60.pkl,60,22,4,2,-8225004.0,2d06304ca207508f
checkpoint_gen_60.pkl,60,23,31,7,-7956001.08,ef0e8bc23ed0ead0
checkpoint_gen_60.pkl,60,24,32,6,-8225004.0,3e5d2da1646ff4dc
checkpoint_gen_60.pkl,60,25,4,2,-8225004.0,0eb66b97ee75d566
checkpoint_gen_60.pkl,60,26,75,7,-8225004.0,1b8fae7a4b69e2db
checkpoint_gen_60.pkl,60,27,10,3,-8225004.0,4cd15a515a5907b0
checkpoint_gen_60.pkl,60,28,11,4,-8225004.0,329f4ae7dffeae37
checkpoint_gen_60.pkl,60,29,63,7,-8225007.402002335,a82f8a4493c0b292
checkpoint_gen_60.pkl,60,30,19,5,-7938836.7,39d4c0c2dc4205a8
checkpoint_gen_60.pkl,60,31,49,7,-8225004.0,69723fe487f9166b
checkpoint_gen_60.pkl,60,32,30,6,-8225004.0,5cfe87a74cba72f2
checkpoint_gen_60.pkl,60,33,18,5,-8225004.0,e2a67a8c79aab2f8
checkpoint_gen_60.pkl,60,34,4,2,-8225004.0,46aaf5d7c77a8aff
checkpoint_gen_60.pkl,60,35,4,2,-8225004.0,8cf38aed03ec6f30
checkpoint_gen_60.pkl,60,36,35,7,-8225004.0,42608fba518095bf
checkpoint_gen_60.pkl,60,37,10,3,-8225004.0,7d9165b9751a10ed
checkpoint_gen_60.pkl,60,38,11,4,-5597421.010217286,d51b0a46f28a5ef6
checkpoint_gen_60.pkl,60,39,44,7,-8225004.0,d277e79d481ff07e
checkpoint_gen_60.pkl,60,40,50,7,-8225004.0,a68622bd584b2da0
checkpoint_gen_60.pkl,60,41,14,5,-7590356.7,06897545c71da019
checkpoint_gen_60.pkl,60,42,61,8,-8026377.6,72e357887c8f5812
checkpoint_gen_60.pkl,60,43,19,5,-8225004.0,399a5d6590bd1269
checkpoint_gen_60.pkl,60,44,34,5,-8225004.0,48a5eb6fee2dc7ba
checkpoint_gen_60.pkl,60,45,101,7,-5613536.398968507,e534693a92789f25
checkpoint_gen_60.pkl,60,46,16,6,-8225004.0,b355c7f969b1f145
checkpoint_gen_60.pkl,60,47,47,7,-8225004.0,48935958bd4082c7
checkpoint_gen_60.pkl,60,48,4,2,-8225004.0,30020d291e2bded0
checkpoint_gen_60.pkl,60,49,25,7,-8225004.0,1fbb1a4acfdcce61
checkpoint_gen_60.pkl,60,50,84,7,-8225004.0,976dcc6ce0b50e05
checkpoint_gen_60.pkl,60,51,46,7,-8026377.6,f6c79138272229f5
checkpoint_gen_60.pkl,60,52,4,2,-7938836.7,977ec0a7bd473f38
checkpoint_gen_60.pkl,60,53,49,7,-6162606.480878906,a1b64bde31f8c9a8
checkpoint_gen_60.pkl,60,54,60,7,-8225004.0,29e2457bdec7db9d
checkpoint_gen_60.pkl,60,55,61,7,-8225004.0,13d73e2e4ed898d5
checkpoint_gen_60.pkl,60,56,44,7,-7590356.7,441eeb1df102a0bf
checkpoint_gen_60.pkl,60,57,4,2,-8225004.0,2d06304ca207508f
checkpoint_gen_60.pkl,60,58,17,4,-8225004.0,002cfe729c227c14
checkpoint_gen_60.pkl,60,59,40,6,-8225004.0,741e9fd1ab14c063
checkpoint_gen_60.pkl,60,60,4,2,-8225004.0,46aaf5d7c77a8aff
checkpoint_gen_60.pkl,60,61,8,3,-8225004.0,8bcd7f7bd2919a69
checkpoint_gen_60.pkl,60,62,35,7,-8225004.0,bbefc14dc9449f42
checkpoint_gen_60.pkl,60,63,111,7,-8225004.0,dc90aa5a5b00a212
checkpoint_gen_60.pkl,60,64,4,2,-8225004.0,827564357457d92a
checkpoint_gen_60.pkl,60,65,80,7,-8225004.0,44050fd5c7e18bba
checkpoint_gen_60.pkl,60,66,4,2,-5900970.615740968,446adf5479352a3b
checkpoint_gen_60.pkl,60,67,4,2,-8225004.0,0eb66b97ee75d566
checkpoint_gen_60.pkl,60,68,12,5,-7569308.7,c316308c4dcb0b21
checkpoint_gen_60.pkl,60,69,4,2,-8225004.0,77a88208e5959cac
checkpoint_gen_60.pkl,60,70,11,4,-8225004.0,b260bb6edd2b73cd
checkpoint_gen_60.pkl,60,71,47,7,-7569308.7,4670209e500f944e
checkpoint_gen_60.pkl,60,72,8,3,-8225004.0,b340da80855c04ff
checkpoint_gen_60.pkl,60,73,10,3,-8225004.0,42ff425b7315cd68
checkpoint_gen_60.pkl,60,74,20,5,-8225004.0,72cb6efcc7e19863
checkpoint_gen_60.pkl,60,75,24,6,-8225004.0,403d60acb5be9334
checkpoint_gen_60.pkl,60,76,32,6,-8225004.0,9cc600fba1dfa657
checkpoint_gen_60.pkl,60,77,62,7,-8225004.0,b6e73c8e0d896015
checkpoint_gen_60.pkl,60,78,50,7,-8225004.0,a01dab732c119f8d
checkpoint_gen_60.pkl,60,79,85,7,-8225004.0,47b65219c96ee002
checkpoint_gen_60.pkl,60,80,40,7,-8225004.0,58d45e9040f0f229
checkpoint_gen_60.pkl,60,81,28,7,-8225004.0,251667f8b9280779
checkpoint_gen_60.pkl,60,82,56,7,-8225004.0,0d3b196c7274bb14
checkpoint_gen_60.pkl,60,83,39,7,-8225004.0,6cd1904eff5a4145
checkpoint_gen_60.pkl,60,84,29,6,-8225004.0,5150ce9e37d23aa7
checkpoint_gen_60.pkl,60,85,25,4,-7461351.093067017,d535cde24d8b0f6b
checkpoint_gen_60.pkl,60,86,28,7,-8225004.0,ecb56fecb2055631
checkpoint_gen_60.pkl,60,87,27,7,-8225004.0,3c8255c5da785c3f
checkpoint_gen_60.pkl,60,88,71,7,-7938836.7,3fcf7b013637873d
checkpoint_gen_60.pkl,60,89,45,7,-5596137.173618165,c0c5b616ba31f3ae
checkpoint_gen_60.pkl,60,90,44,7,-8225004.0,9381e005c9469f10
checkpoint_gen_60.pkl,60,91,59,7,-8225004.0,ef992ba913f73d5b
checkpoint_gen_60.pkl,60,92,19,6,-7590356.7,3fe7ccb383912ed8
checkpoint_gen_60.pkl,60,93,50,7,-8225004.0,13496852ba233ecc
checkpoint_gen_60.pkl,60,94,33,7,-8225004.0,6e9ef848cb2e7cba
checkpoint_gen_60.pkl,60,95,39,7,-8225004.0,27ced2a8b6975df8
checkpoint_gen_60.pkl,60,96,72,7,-8225004.0,ec482a21915e274a
checkpoint_gen_60.pkl,60,97,149,7,-8225004.0,1538dbd6d8ce078e
checkpoint_gen_60.pkl,60,98,50,7,-7675707.6,05f065af1af54cf5
checkpoint_gen_60.pkl,60,99,33,7,-5596137.173618165,4f602aa348c96848
checkpoint_gen_70.pkl,70,0,54,7,-6643020.0,458e63b4a9a9831e
checkpoint_gen_70.pkl,70,1,8,3,-6643020.0,1dfbeba1ed2cedee
checkpoint_gen_70.pkl,70,2,7,3,-6643020.0,3568d0e6bc34a5f5
checkpoint_gen_70.pkl,70,3,4,2,-6643020.0,0eb66b97ee75d566
checkpoint_gen_70.pkl,70,4,47,7,-6643020.0,bc27b2e348cd301a
checkpoint_gen_70.pkl,70,5,62,7,-6418766.699999999,db17dde8b1fe71db
checkpoint_gen_70.pkl,70,6,25,6,-6643020.0,b6cc28cf9adecdd8
checkpoint_gen_70.pkl,70,7,39,6,-6418766.699999999,3abbd32a4a833229
checkpoint_gen_70.pkl,70,8,12,4,-3935049.7448834227,04e8c2f65c6023f8
checkpoint_gen_70.pkl,70,9,4,2,-6418766.699999999,977ec0a7bd473f38
checkpoint_gen_70.pkl,70,10,43,7,-6418766.699999999,2cc797ae171e9c9a
checkpoint_gen_70.pkl,70,11,4,2,-6643020.0,0eb66b97ee75d566
checkpoint_gen_70.pkl,70,12,111,7,-6643020.0,a5bc4e559f2fa2ef
checkpoint_gen_70.pkl,70,13,23,7,-6643020.0,0443630f9342e760
checkpoint_gen_70.pkl,70,14,25,6,-6643020.0,a490b2041869608a
checkpoint_gen_70.pkl,70,15,90,7,-6418766.699999999,952c8b45f6dda71b
checkpoint_gen_70.pkl,70,16,54,7,-6643020.0,6711f6874a62c873
checkpoint_gen_70.pkl,70,17,99,7,-6643020.0,87180d0fd60ba6b1
checkpoint_gen_70.pkl,70,18,11,4,-6643020.0,eb4125bc9a507590
checkpoint_gen_70.pkl,70,19,4,2,-6643020.0,0eb66b97ee75d566
checkpoint_gen_70.pkl,70,20,38,7,-3935049.7448834227,ec8f9257b339dbc7
checkpoint_gen_70.pkl,70,21,4,2,-6643020.0,827564357457d92a
checkpoint_gen_70.pkl,70,22,4,2,-6643020.0,2d06304ca207508f
checkpoint_gen_70.pkl,70,23,31,7,-6549880.54,ef0e8bc23ed0ead0
checkpoint_gen_70.pkl,70,24,32,6,-6643020.0,3e5d2da1646ff4dc
checkpoint_gen_70.pkl,70,25,4,2,-6643020.0,0eb66b97ee75d566
checkpoint_gen_70.pkl,70,26,75,7,-6643020.0,1b8fae7a4b69e2db
checkpoint_gen_70.pkl,70,27,10,3,-6643020.0,4cd15a515a5907b0
checkpoint_gen_70.pkl,70,28,11,4,-6643020.0,329f4ae7dffeae37
checkpoint_gen_70.pkl,70,29,63,7,-6643601.402002335,a82f8a4493c0b292
checkpoint_gen_70.pkl,70,30,19,5,-6418766.699999999,39d4c0c2dc4205a8
checkpoint_gen_70.pkl,70,31,49,7,-6643020.0,69723fe487f9166b
checkpoint_gen_70.pkl,70,32,30,6,-6643020.0,5cfe87a74cba72f2
checkpoint_gen_70.pkl,70,33,18,5,-6643020.0,e2a67a8c79aab2f8
checkpoint_gen_70.pkl,70,34,4,2,-6643020.0,46aaf5d7c77a8aff
checkpoint_gen_70.pkl,70,35,4,2,-6643020.0,8cf38aed03ec6f30
checkpoint_gen_70.pkl,70,36,35,7,-6643020.0,42608fba518095bf
checkpoint_gen_70.pkl,70,37,10,3,-6643020.0,7d9165b9751a10ed
checkpoint_gen_70.pkl,70,38,11,4,-3777400.8670666507,d51b0a46f28a5ef6
checkpoint_gen_70.pkl,70,39,44,7,-6643020.0,d277e79d481ff07e
checkpoint_gen_70.pkl,70,40,50,7,-6643020.0,a68622bd584b2da0
checkpoint_gen_70.pkl,70,41,14,5,-6142706.699999999,06897545c71da019
checkpoint_gen_70.pkl,70,42,61,8,-6492435.600000001,72e357887c8f5812
checkpoint_gen_70.pkl,70,43,19,5,-6643020.0,399a5d6590bd1269
checkpoint_gen_70.pkl,70,44,34,5,-6643020.0,48a5eb6fee2dc7ba
checkpoint_gen_70.pkl,70,45,101,7,-3788803.8077343754,e534693a92789f25
checkpoint_gen_70.pkl,70,46,16,6,-6643020.0,b355c7f969b1f145
checkpoint_gen_70.pkl,70,47,47,7,-6643020.0,48935958bd4082c7
checkpoint_gen_70.pkl,70,48,4,2,-6643020.0,30020d291e2bded0
checkpoint_gen_70.pkl,70,49,25,7,-6643020.0,1fbb1a4acfdcce61
checkpoint_gen_70.pkl,70,50,84,7,-6643020.0,976dcc6ce0b50e05
checkpoint_gen_70.pkl,70,51,46,7,-6492435.600000001,f6c79138272229f5
checkpoint_gen_70.pkl,70,52,4,2,-6418766.699999999,977ec0a7bd473f38
checkpoint_gen_70.pkl,70,53,49,7,-3924510.221192016,a1b64bde31f8c9a8
checkpoint_gen_70.pkl,70,54,60,7,-6643020.0,29e2457bdec7db9d
checkpoint_gen_70.pkl,70,55,61,7,-8219004.0,13d73e2e4ed898d5
checkpoint_gen_70.pkl,70,56,44,7,-6142706.699999999,441eeb1df102a0bf
checkpoint_gen_70.pkl,70,57,4,2,-6643020.0,2d06304ca207508f
checkpoint_gen_70.pkl,70,58,17,4,-6643020.0,002cfe729c227c14
checkpoint_gen_70.pkl,70,59,40,6,-6643020.0,741e9fd1ab14c063
checkpoint_gen_70.pkl,70,60,4,2,-6643020.0,46aaf5d7c77a8aff
checkpoint_gen_70.pkl,70,61,8,3,-6643020.0,8bcd7f7bd2919a69
checkpoint_gen_70.pkl,70,62,35,7,-6643020.0,bbefc14dc9449f42
checkpoint_gen_70.pkl,70,63,111,7,-6643020.0,dc90aa5a5b00a212
checkpoint_gen_70.pkl,70,64,4,2,-6643020.0,827564357457d92a
checkpoint_gen_70.pkl,70,65,80,7,-6643020.0,44050fd5c7e18bba
checkpoint_gen_70.pkl,70,66,4,2,-3570749.370360718,446adf5479352a3b
checkpoint_gen_70.pkl,70,67,4,2,-6643020.0,0eb66b97ee75d566
checkpoint_gen_70.pkl,70,68,12,5,-6125078.699999999,c316308c4dcb0b21
checkpoint_gen_70.pkl,70,69,4,2,-6643020.0,77a88208e5959cac
checkpoint_gen_70.pkl,70,70,11,4,-6643020.0,b260bb6edd2b73cd
checkpoint_gen_70.pkl,70,71,47,7,-6125078.699999999,4670209e500f944e
checkpoint_gen_70.pkl,70,72,8,3,-6643020.0,b340da80855c04ff
checkpoint_gen_70.pkl,70,73,10,3,-6643020.0,42ff425b7315cd68
checkpoint_gen_70.pkl,70,74,20,5,-6643020.0,72cb6efcc7e19863
checkpoint_gen_70.pkl,70,75,24,6,-6643020.0,403d60acb5be9334
checkpoint_gen_70.pkl,70,76,32,6,-6643020.0,9cc600fba1dfa657
checkpoint_gen_70.pkl,70,77,62,7,-6643020.0,b6e73c8e0d896015
checkpoint_gen_70.pkl,70,78,50,7,-6643020.0,a01dab732c119f8d
checkpoint_gen_70.pkl,70,79,85,7,-6643020.0,47b65219c96ee002
checkpoint_gen_70.pkl,70,80,40,7,-6643020.0,58d45e9040f0f229
checkpoint_gen_70.pkl,70,81,28,7,-6643020.0,251667f8b9280779
checkpoint_gen_70.pkl,70,82,56,7,-6643020.0,0d3b196c7274bb14
checkpoint_gen_70.pkl,70,83,39,7,-6643020.0,6cd1904eff5a4145
checkpoint_gen_70.pkl,70,84,29,6,-6643020.0,5150ce9e37d23aa7
checkpoint_gen_70.pkl,70,85,25,4,-5996206.521325378,d535cde24d8b0f6b
checkpoint_gen_70.pkl,70,86,28,7,-6643020.0,ecb56fecb2055631
checkpoint_gen_70.pkl,70,87,27,7,-6643020.0,3c8255c5da785c3f
checkpoint_gen_70.pkl,70,88,71,7,-6418766.699999999,3fcf7b013637873d
checkpoint_gen_70.pkl,70,89,45,7,-3772344.7579602054,c0c5b616ba31f3ae
checkpoint_gen_70.pkl,70,90,44,7,-6643020.0,9381e005c9469f10
checkpoint_gen_70.pkl,70,91,59,7,-6643020.0,ef992ba913f73d5b
checkpoint_gen_70.pkl,70,92,19,6,-6142706.699999999,3fe7ccb383912ed8
checkpoint_gen_70.pkl,70,93,50,7,-6643020.0,13496852ba233ecc
checkpoint_gen_70.pkl,70,94,33,7,-6643020.0,6e9ef848cb2e7cba
checkpoint_gen_70.pkl,70,95,39,7,-6643020.0,27ced2a8b6975df8
checkpoint_gen_70.pkl,70,96,72,7,-8219004.0,ec482a21915e274a
checkpoint_gen_70.pkl,70,97,149,7,-6643020.0,1538dbd6d8ce078e
checkpoint_gen_70.pkl,70,98,50,7,-6214305.600000001,05f065af1af54cf5
checkpoint_gen_70.pkl,70,99,33,7,-3772344.7579602054,4f602aa348c96848
checkpoint_gen_80.pkl,80,0,54,7,-6101628.0,458e63b4a9a9831e
checkpoint_gen_80.pkl,80,1,8,3,-6101628.0,1dfbeba1ed2cedee
checkpoint_gen_80.pkl,80,2,7,3,-6101628.0,3568d0e6bc34a5f5
checkpoint_gen_80.pkl,80,3,4,2,-6101628.0,0eb66b97ee75d566
checkpoint_gen_80.pkl,80,4,47,7,-6101628.0,bc27b2e348cd301a
checkpoint_gen_80.pkl,80,5,62,7,-5897126.699999999,db17dde8b1fe71db
checkpoint_gen_80.pkl,80,6,25,6,-6101628.0,b6cc28cf9adecdd8
checkpoint_gen_80.pkl,80,7,39,6,-5897126.699999999,3abbd32a4a833229
checkpoint_gen_80.pkl,80,8,12,4,-4595725.86,04e8c2f65c6023f8
checkpoint_gen_80.pkl,80,9,4,2,-5897126.699999999,977ec0a7bd473f38
checkpoint_gen_80.pkl,80,10,43,7,-5897126.699999999,2cc797ae171e9c9a
checkpoint_gen_80.pkl,80,11,4,2,-6101628.0,0eb66b97ee75d566
checkpoint_gen_80.pkl,80,12,111,7,-6101628.0,a5bc4e559f2fa2ef
checkpoint_gen_80.pkl,80,13,23,7,-6101628.0,0443630f9342e760
checkpoint_gen_80.pkl,80,14,25,6,-6101628.0,a490b2041869608a
checkpoint_gen_80.pkl,80,15,90,7,-5897126.699999999,952c8b45f6dda71b
checkpoint_gen_80.pkl,80,16,54,7,-6101628.0,6711f6874a62c873
checkpoint_gen_80.pkl,80,17,99,7,-6101628.0,87180d0fd60ba6b1
checkpoint_gen_80.pkl,80,18,11,4,-6101628.0,eb4125bc9a507590
checkpoint_gen_80.pkl,80,19,4,2,-6101628.0,0eb66b97ee75d566
checkpoint_gen_80.pkl,80,20,38,7,-4595725.86,ec8f9257b339dbc7
checkpoint_gen_80.pkl,80,21,4,2,-6101628.0,827564357457d92a
checkpoint_gen_80.pkl,80,22,4,2,-6101628.0,2d06304ca207508f
checkpoint_gen_80.pkl,80,23,31,7,-6009684.54,ef0e8bc23ed0ead0
checkpoint_gen_80.pkl,80,24,32,6,-6101628.0,3e5d2da1646ff4dc
checkpoint_gen_80.pkl,80,25,4,2,-6101628.0,0eb66b97ee75d566
checkpoint_gen_80.pkl,80,26,75,7,-6101628.0,1b8fae7a4b69e2db
checkpoint_gen_80.pkl,80,27,10,3,-6101628.0,4cd15a515a5907b0
checkpoint_gen_80.pkl,80,28,11,4,-6101628.0,329f4ae7dffeae37
checkpoint_gen_80.pkl,80,29,63,7,-6101829.402002335,a82f8a4493c0b292
checkpoint_gen_80.pkl,80,30,19,5,-5897126.699999999,39d4c0c2dc4205a8
checkpoint_gen_80.pkl,80,31,49,7,-6101628.0,69723fe487f9166b
checkpoint_gen_80.pkl,80,32,30,6,-6101628.0,5cfe87a74cba72f2
checkpoint_gen_80.pkl,80,33,18,5,-6101628.0,e2a67a8c79aab2f8
checkpoint_gen_80.pkl,80,34,4,2,-6101628.0,46aaf5d7c77a8aff
checkpoint_gen_80.pkl,80,35,4,2,-6101628.0,8cf38aed03ec6f30
checkpoint_gen_80.pkl,80,36,35,7,-6101628.0,42608fba518095bf
checkpoint_gen_80.pkl,80,37,10,3,-6101628.0,7d9165b9751a10ed
checkpoint_gen_80.pkl,80,38,11,4,-4057907.19557312,d51b0a46f28a5ef6
checkpoint_gen_80.pkl,80,39,44,7,-6101628.0,d277e79d481ff07e
checkpoint_gen_80.pkl,80,40,50,7,-6101628.0,a68622bd584b2da0
checkpoint_gen_80.pkl,80,41,14,5,-5634086.699999999,06897545c71da019
checkpoint_gen_80.pkl,80,42,61,8,-5965731.600000001,72e357887c8f5812
checkpoint_gen_80.pkl,80,43,19,5,-6101628.0,399a5d6590bd1269
checkpoint_gen_80.pkl,80,44,34,5,-6101628.0,48a5eb6fee2dc7ba
checkpoint_gen_80.pkl,80,45,101,7,-4069791.108927612,e534693a92789f25
checkpoint_gen_80.pkl,80,46,16,6,-6101628.0,b355c7f969b1f145
checkpoint_gen_80.pkl,80,47,47,7,-6101628.0,48935958bd4082c7
checkpoint_gen_80.pkl,80,48,4,2,-6101628.0,30020d291e2bded0
checkpoint_gen_80.pkl,80,49,25,7,-6101628.0,1fbb1a4acfdcce61
checkpoint_gen_80.pkl,80,50,84,7,-6101628.0,976dcc6ce0b50e05
checkpoint_gen_80.pkl,80,51,46,7,-5965731.600000001,f6c79138272229f5
checkpoint_gen_80.pkl,80,52,4,2,-5897126.699999999,977ec0a7bd473f38
checkpoint_gen_80.pkl,80,53,49,7,-4585661.640000001,a1b64bde31f8c9a8
checkpoint_gen_80.pkl,80,54,60,7,-6101628.0,29e2457bdec7db9d
checkpoint_gen_80.pkl,80,55,61,7,-8215004.0,13d73e2e4ed898d5
checkpoint_gen_80.pkl,80,56,44,7,-5634086.699999999,441eeb1df102a0bf
checkpoint_gen_80.pkl,80,57,4,2,-6101628.0,2d06304ca207508f
checkpoint_gen_80.pkl,80,58,17,4,-6101628.0,002cfe729c227c14
checkpoint_gen_80.pkl,80,59,40,6,-6101628.0,741e9fd1ab14c063
checkpoint_gen_80.pkl,80,60,4,2,-6101628.0,46aaf5d7c77a8aff
checkpoint_gen_80.pkl,80,61,8,3,-6101628.0,8bcd7f7bd2919a69
checkpoint_gen_80.pkl,80,62,35,7,-6101628.0,bbefc14dc9449f42
checkpoint_gen_80.pkl,80,63,111,7,-6101628.0,dc90aa5a5b00a212
checkpoint_gen_80.pkl,80,64,4,2,-6101628.0,827564357457d92a
checkpoint_gen_80.pkl,80,65,80,7,-6101628.0,44050fd5c7e18bba
checkpoint_gen_80.pkl,80,66,4,2,-4320800.619993897,446adf5479352a3b
checkpoint_gen_80.pkl,80,67,4,2,-6101628.0,0eb66b97ee75d566
checkpoint_gen_80.pkl,80,68,12,5,-5617748.699999999,c316308c4dcb0b21
checkpoint_gen_80.pkl,80,69,4,2,-6101628.0,77a88208e5959cac
checkpoint_gen_80.pkl,80,70,11,4,-6101628.0,b260bb6edd2b73cd
checkpoint_gen_80.pkl,80,71,47,7,-5617748.699999999,4670209e500f944e
checkpoint_gen_80.pkl,80,72,8,3,-6101628.0,b340da80855c04ff
checkpoint_gen_80.pkl,80,73,10,3,-6101628.0,42ff425b7315cd68
checkpoint_gen_80.pkl,80,74,20,5,-6101628.0,72cb6efcc7e19863
checkpoint_gen_80.pkl,80,75,24,6,-6101628.0,403d60acb5be9334
checkpoint_gen_80.pkl,80,76,32,6,-6101628.0,9cc600fba1dfa657
checkpoint_gen_80.pkl,80,77,62,7,-6101628.0,b6e73c8e0d896015
checkpoint_gen_80.pkl,80,78,50,7,-6101628.0,a01dab732c119f8d
checkpoint_gen_80.pkl,80,79,85,7,-6101628.0,47b65219c96ee002
checkpoint_gen_80.pkl,80,80,40,7,-6101628.0,58d45e9040f0f229
checkpoint_gen_80.pkl,80,81,28,7,-6101628.0,251667f8b9280779
checkpoint_gen_80.pkl,80,82,56,7,-6101628.0,0d3b196c7274bb14
checkpoint_gen_80.pkl,80,83,39,7,-6101628.0,6cd1904eff5a4145
checkpoint_gen_80.pkl,80,84,29,6,-6101628.0,5150ce9e37d23aa7
checkpoint_gen_80.pkl,80,85,25,4,-5489847.954511413,d535cde24d8b0f6b
checkpoint_gen_80.pkl,80,86,28,7,-6101628.0,ecb56fecb2055631
checkpoint_gen_80.pkl,80,87,27,7,-6101628.0,3c8255c5da785c3f
checkpoint_gen_80.pkl,80,88,71,7,-5897126.699999999,3fcf7b013637873d
checkpoint_gen_80.pkl,80,89,45,7,-4054069.031721802,c0c5b616ba31f3ae
checkpoint_gen_80.pkl,80,90,44,7,-6101628.0,9381e005c9469f10
checkpoint_gen_80.pkl,80,91,59,7,-6101628.0,ef992ba913f73d5b
checkpoint_gen_80.pkl,80,92,19,6,-5634086.699999999,3fe7ccb383912ed8
checkpoint_gen_80.pkl,80,93,50,7,-6101628.0,13496852ba233ecc
checkpoint_gen_80.pkl,80,94,33,7,-6101628.0,6e9ef848cb2e7cba
checkpoint_gen_80.pkl,80,95,39,7,-6101628.0,27ced2a8b6975df8
checkpoint_gen_80.pkl,80,96,72,7,-8215004.0,ec482a21915e274a
checkpoint_gen_80.pkl,80,97,149,7,-6101628.0,1538dbd6d8ce078e
checkpoint_gen_80.pkl,80,98,50,7,-5700561.600000001,05f065af1af54cf5
checkpoint_gen_80.pkl,80,99,33,7,-4054069.031721802,4f602aa348c96848
checkpoint_gen_90.pkl,90,0,49,8,-401589.90933837893,6f7b00acc0a355ee
checkpoint_gen_90.pkl,90,1,31,7,25118.673918457032,5f3834f25b86b3ac
checkpoint_gen_90.pkl,90,2,23,5,-6085032.130738526,387621619b3c9460
checkpoint_gen_90.pkl,90,3,10,4,-7690236.0,8768d1bf00403802
checkpoint_gen_90.pkl,90,4,33,7,25118.87391845703,39f16b5d262841b0
checkpoint_gen_90.pkl,90,5,39,9,25118.23391845703,5b5c4fa0047cee2a
checkpoint_gen_90.pkl,90,6,33,7,-6387768.918851318,0eb8498820909b24
checkpoint_gen_90.pkl,90,7,32,8,-6369418.135494385,697900834a9d5c45
checkpoint_gen_90.pkl,90,8,33,7,-7009027.134136963,4262fc937879d4d8
checkpoint_gen_90.pkl,90,9,31,7,20542.09782531738,e61917a76c9054ce
checkpoint_gen_90.pkl,90,10,39,8,-8220855.161172485,8eed640f29950680
checkpoint_gen_90.pkl,90,11,33,7,-5843273.845782471,9975e41ab7077b31
checkpoint_gen_90.pkl,90,12,49,11,-4731491.824893189,b953858adb53e708
checkpoint_gen_90.pkl,90,13,103,11,20542.09782531738,07dd0aa4f62ae2f0
checkpoint_gen_90.pkl,90,14,23,5,-7690236.0,e4fcd53defeb5ce8
checkpoint_gen_90.pkl,90,15,49,8,-7009027.134136963,5c9f54215d0e3c08
checkpoint_gen_90.pkl,90,16,30,7,-6387768.918851318,da42ad54b0afcafb
checkpoint_gen_90.pkl,90,17,124,11,-6369418.135494385,949808203adb6ca0
checkpoint_gen_90.pkl,90,18,31,7,20542.09782531738,2da09e7b2fb806e0
checkpoint_gen_90.pkl,90,19,23,5,-6385403.653341065,22039b03fb7e25c5
checkpoint_gen_90.pkl,90,20,45,10,-6387768.918851318,a22f1c5cdcfa0974
checkpoint_gen_90.pkl,90,21,59,9,25118.23391845703,72c3fa11105dd483
checkpoint_gen_90.pkl,90,22,37,9,-6387768.918851318,6a9302c55b30f017
checkpoint_gen_90.pkl,90,23,45,8,-6387768.918851318,f92e2be923eb0f2e
checkpoint_gen_90.pkl,90,24,18,4,-6387768.918851318,843801b6acf14a56
checkpoint_gen_90.pkl,90,25,61,10,-6387768.918851318,98b1255ea886401f
checkpoint_gen_90.pkl,90,26,39,8,25118.23391845703,13d9114c564b24b7
checkpoint_gen_90.pkl,90,27,33,7,-7009027.134136963,35c4e86f45945501
checkpoint_gen_90.pkl,90,28,42,9,25118.23391845703,b8095533aa35a75b
checkpoint_gen_90.pkl,90,29,43,8,25118.23391845703,4e319b402a83e3a5
checkpoint_gen_90.pkl,90,30,46,7,-8221004.0,a6ee5940daa6fb78
checkpoint_gen_90.pkl,90,31,96,12,-6984665.804732362,8a605afdd9c2820d
checkpoint_gen_90.pkl,90,32,31,7,23292.250661621096,d502de6c7e836f78
checkpoint_gen_90.pkl,90,33,31,7,-8221004.0,93090d260f478e5f
checkpoint_gen_90.pkl,90,34,51,9,20542.09782531738,6f11a5e9691ddeb7
checkpoint_gen_90.pkl,90,35,85,9,-8221004.0,30446a7871c05382
checkpoint_gen_90.pkl,90,36,31,7,25118.23391845703,c0cc6bcba40b0e2c
checkpoint_gen_90.pkl,90,37,65,12,20542.09782531738,038dd7787f9741da
checkpoint_gen_90.pkl,90,38,31,7,-3253294.3599169925,47c38d0f5500c2d4
checkpoint_gen_90.pkl,90,39,69,8,-8221004.0,251d3e2d40636515
checkpoint_gen_90.pkl,90,40,31,7,-8221004.0,d46f600105103b0b
checkpoint_gen_90.pkl,90,41,39,8,25118.23391845703,6e3925dff4587e22
checkpoint_gen_90.pkl,90,42,44,8,-8221100.0,28dde5a50d2002c3
checkpoint_gen_90.pkl,90,43,44,7,22435.124204711912,23ce950a2d1b95f6
checkpoint_gen_90.pkl,90,44,31,7,-4731491.824893189,ffa6703cd83ad877
checkpoint_gen_90.pkl,90,45,49,8,-1639975.034733887,a1b70e260712442c
checkpoint_gen_90.pkl,90,46,48,11,-7009027.134136963,9ca4c8e21b3a3b77
checkpoint_gen_90.pkl,90,47,45,10,-6387768.918851318,3cc68b9c055865c0
checkpoint_gen_90.pkl,90,48,42,8,-7009027.134136963,8be8a19efc34162d
checkpoint_gen_90.pkl,90,49,114,10,-4731491.824893189,4f3f747dd8a7c89c
checkpoint_gen_90.pkl,90,50,21,5,-6387768.918851318,d63b0dd852db34eb
checkpoint_gen_90.pkl,90,51,33,7,-4731491.824893189,74d7eda389309334
checkpoint_gen_90.pkl,90,52,37,7,20542.09782531738,f9a45460f63539c0
checkpoint_gen_90.pkl,90,53,48,11,-6387768.918851318,8bd65f5c22ad1ccb
checkpoint_gen_90.pkl,90,54,27,6,-7009027.134136963,2a324c9cef264a28
checkpoint_gen_90.pkl,90,55,45,9,-5508096.5346801765,56667d9a7df584d1
checkpoint_gen_90.pkl,90,56,115,9,-7690236.0,365f7e32f5e636b1
checkpoint_gen_90.pkl,90,57,49,8,-6387768.918851318,96c998c55c799529
checkpoint_gen_90.pkl,90,58,112,12,-7009027.134136963,46a5f5598d836903
checkpoint_gen_90.pkl,90,59,49,7,-8221004.0,50145fbec92455db
checkpoint_gen_90.pkl,90,60,49,7,-6984665.804732362,2067622bbd48b337
checkpoint_gen_90.pkl,90,61,31,7,-4731491.824893189,f0057ba4917348c4
checkpoint_gen_90.pkl,90,62,20,7,-7690236.0,74a4883dec3a8648
checkpoint_gen_90.pkl,90,63,119,10,7061.020690917969,695fc0a43b3fb07d
checkpoint_gen_90.pkl,90,64,12,4,-6387768.918851318,89408d840fcecd93
checkpoint_gen_90.pkl,90,65,49,9,-7009027.134136963,cbc3c90e9ad484e6
checkpoint_gen_90.pkl,90,66,128,8,-7424586.7,3d2a53c012f6ca9c
checkpoint_gen_90.pkl,90,67,39,8,-4731491.824893189,fce76e75e7e9fcdd
checkpoint_gen_90.pkl,90,68,39,8,25118.23391845703,28a0e777b9e3bfa6
checkpoint_gen_90.pkl,90,69,31,7,25118.23391845703,093bd0871016be93
checkpoint_gen_90.pkl,90,70,46,8,-6513652.231061401,54c71babb80b6462
checkpoint_gen_90.pkl,90,71,39,8,25118.23391845703,3fc6d3c15ae4bb44
checkpoint_gen_90.pkl,90,72,103,12,-7009027.134136963,49053079a7fcc5d0
checkpoint_gen_90.pkl,90,73,42,8,-6387768.918851318,6b11444331385a3d
checkpoint_gen_90.pkl,90,74,69,10,-6072913.263394775,8c63751fb3888c77
checkpoint_gen_90.pkl,90,75,37,8,-2973597.256507568,21a2f13cff0653a0
checkpoint_gen_90.pkl,90,76,31,7,25118.23391845703,093bd0871016be93
checkpoint_gen_90.pkl,90,77,39,9,20542.09782531738,f7202d11d33f502b
checkpoint_gen_90.pkl,90,78,30,7,-6387768.918851318,ffe078eeafaa1710
checkpoint_gen_90.pkl,90,79,42,9,-6387768.918851318,7c2b2d362527952a
checkpoint_gen_90.pkl,90,80,37,7,20542.09782531738,df901e291cfb787e
checkpoint_gen_90.pkl,90,81,33,7,25118.23391845703,76578fda50d026f9
checkpoint_gen_90.pkl,90,82,53,13,25118.23391845703,95a977ddb8855cee
checkpoint_gen_90.pkl,90,83,29,7,-5508096.5346801765,d7479387c794dd23
checkpoint_gen_90.pkl,90,84,31,7,25118.23391845703,45ef0e542bb90f77
checkpoint_gen_90.pkl,90,85,53,11,-6387768.918851318,4196d9a1a5db821b
checkpoint_gen_90.pkl,90,86,57,11,25118.23391845703,319d28f560af8e91
checkpoint_gen_90.pkl,90,87,31,7,-7009027.134136963,2022f05d20f58d2f
checkpoint_gen_90.pkl,90,88,22,6,-6387768.918851318,21166c84cc81a879
checkpoint_gen_90.pkl,90,89,29,6,25118.27391845703,33ffebd9981bac69
checkpoint_gen_90.pkl,90,90,81,9,20542.09782531738,476d3f3b62e520f7
checkpoint_gen_90.pkl,90,91,37,8,20542.09782531738,11d5827d4e7cd9fa
checkpoint_gen_90.pkl,90,92,32,8,-6369418.135494385,f6a2de74d7bcf070
checkpoint_gen_90.pkl,90,93,76,7,-6387768.918851318,59a1b81a112457ed
checkpoint_gen_90.pkl,90,94,30,7,-6387768.918851318,645adedd20c6f241
checkpoint_gen_90.pkl,90,95,40,9,-5389565.846066894,3254705349db2e7b
checkpoint_gen_90.pkl,90,96,31,7,20542.09782531738,bfafd07f938edc90
checkpoint_gen_90.pkl,90,97,25,6,-7009027.134136963,420dba3cf053abb4
checkpoint_gen_90.pkl,90,98,39,8,25118.23391845703,04e8240b498ea1eb
checkpoint_gen_90.pkl,90,99,31,7,20542.09782531738,538cead0c28b0ee6
checkpoint_gen_100.pkl,100,0,29,6,-475803.71807312017,82ca32081f408551
checkpoint_gen_100.pkl,100,1,29,6,13383.246455688477,46c24f564186a41f
checkpoint_gen_100.pkl,100,2,42,7,-4439209.773041686,1a7d5c5deb2aee41
checkpoint_gen_100.pkl,100,3,34,9,-4098261.917550049,ba52961cfb9aca69
checkpoint_gen_100.pkl,100,4,43,7,-4034210.253884277,6b774729d378304e
checkpoint_gen_100.pkl,100,5,46,9,-3329212.602247315,b964ee0e4d376f43
checkpoint_gen_100.pkl,100,6,29,6,-4487553.302167358,675457161c3a2378
checkpoint_gen_100.pkl,100,7,29,6,15688.769691772462,1c7500936c652cb9
checkpoint_gen_100.pkl,100,8,29,6,-5281468.380000001,0d8cfab0d4e37468
checkpoint_gen_100.pkl,100,9,39,6,-4034210.253884277,44cb50a0a7a61e9f
checkpoint_gen_100.pkl,100,10,29,6,-475803.71807312017,82ca32081f408551
checkpoint_gen_100.pkl,100,11,29,6,13383.126455688476,c3d4ebc723aa2a56
checkpoint_gen_100.pkl,100,12,28,6,-5602730.699999999,78ea15bd732845f6
checkpoint_gen_100.pkl,100,13,25,6,13383.126455688476,3c02cefe8e38b0dd
checkpoint_gen_100.pkl,100,14,39,6,-1499653.0602832031,4b5528f7fa0add13
checkpoint_gen_100.pkl,100,15,23,5,-4487553.302167358,3dc3d9ed475b90e9
checkpoint_gen_100.pkl,100,16,29,6,13383.126455688476,732b4ff406a42f91
checkpoint_gen_100.pkl,100,17,29,6,-4487553.302167358,843ecff43c9d0007
checkpoint_gen_100.pkl,100,18,60,9,-3961683.832201538,f7b51812bee5197a
checkpoint_gen_100.pkl,100,19,29,6,-4487553.302185669,49a87c5619d9d63c
checkpoint_gen_100.pkl,100,20,56,11,-232893.0654730224,a906e1dd3750ffec
checkpoint_gen_100.pkl,100,21,56,11,17863.032681274413,251bcfb4c8284a20
checkpoint_gen_100.pkl,100,22,38,7,13383.246455688477,2273791deaa4f333
checkpoint_gen_100.pkl,100,23,29,6,-8213004.0,3f935daf4b30cb53
checkpoint_gen_100.pkl,100,24,55,10,-3329212.602247315,5fdaad5cb9d03e5f
checkpoint_gen_100.pkl,100,25,29,6,13383.126455688476,732b4ff406a42f91
checkpoint_gen_100.pkl,100,26,82,8,13317.525062866212,9b4c9644ee66faa7
checkpoint_gen_100.pkl,100,27,29,6,13383.246455688477,46c24f564186a41f
checkpoint_gen_100.pkl,100,28,29,6,-4501163.810179749,41b37108a1e49395
checkpoint_gen_100.pkl,100,29,54,10,-4487553.302167358,bd4728218c19aebb
checkpoint_gen_100.pkl,100,30,76,8,-3329212.602247315,b00f8da14bf24fd3
checkpoint_gen_100.pkl,100,31,29,6,-249294.1479315185,a1d6e6cf22358e7c
checkpoint_gen_100.pkl,100,32,29,6,13317.525062866212,f1bed568bd499181
checkpoint_gen_100.pkl,100,33,48,10,-4439209.773041686,34b93e12a0812a7d
checkpoint_gen_100.pkl,100,34,29,6,-475803.71807312017,82ca32081f408551
checkpoint_gen_100.pkl,100,35,29,6,13383.126455688476,01a2baa7713e8723
checkpoint_gen_100.pkl,100,36,29,6,-475803.71807312017,82ca32081f408551
checkpoint_gen_100.pkl,100,37,29,6,13383.126455688476,7c7ac52212f89d29
checkpoint_gen_100.pkl,100,38,29,6,2905.10977294922,13bee0e09d6d11c9
checkpoint_gen_100.pkl,100,39,29,6,13383.126455688476,732b4ff406a42f91
checkpoint_gen_100.pkl,100,40,38,7,13383.126455688476,966aabdaf067d972
checkpoint_gen_100.pkl,100,41,71,10,-3327270.277331543,a3370bdb6bd97fa1
checkpoint_gen_100.pkl,100,42,26,6,-4487553.302167358,8fe899c849bc35a5
checkpoint_gen_100.pkl,100,43,55,9,-3327270.277331543,ddf59b77b01027a5
checkpoint_gen_100.pkl,100,44,51,8,-4501163.810179749,5aee63a080754914
checkpoint_gen_100.pkl,100,45,29,6,-3329212.602247315,6d1324c5fa4610f6
checkpoint_gen_100.pkl,100,46,29,6,13383.246455688477,46c24f564186a41f
checkpoint_gen_100.pkl,100,47,46,9,-4487553.302167358,1468580dfab447e0
checkpoint_gen_100.pkl,100,48,29,6,13383.126455688476,732b4ff406a42f91
checkpoint_gen_100.pkl,100,49,29,6,13317.585062866212,9effd71d98d5c545
checkpoint_gen_100.pkl,100,50,29,6,-3329212.602247315,e520a01be2b7a917
checkpoint_gen_100.pkl,100,51,31,6,-3542365.9737457274,01f20080f1449fc7
checkpoint_gen_100.pkl,100,52,24,6,-3327270.277331543,1c41171996383e41
checkpoint_gen_100.pkl,100,53,36,6,-326321.3772198486,ef24babcadb2a6ed
checkpoint_gen_100.pkl,100,54,38,7,13383.246455688477,51e370203994dbaf
checkpoint_gen_100.pkl,100,55,29,6,-4034210.253884277,322c33a5f91aae27
checkpoint_gen_100.pkl,100,56,29,6,13383.126455688476,732b4ff406a42f91
checkpoint_gen_100.pkl,100,57,29,6,-475803.71807312017,82ca32081f408551
checkpoint_gen_100.pkl,100,58,77,10,16009.5683782959,928df20283a950bf
checkpoint_gen_100.pkl,100,59,37,6,-3329212.602247315,0db05b87de5b233f
checkpoint_gen_100.pkl,100,60,61,11,-4685564.356105042,50278f35f26c8bf4
checkpoint_gen_100.pkl,100,61,29,6,13383.246455688477,46c24f564186a41f
checkpoint_gen_100.pkl,100,62,29,6,-4487553.302167358,d854e50b3a854991
checkpoint_gen_100.pkl,100,63,29,6,-4034210.253884277,5d211050ff8ce431
checkpoint_gen_100.pkl,100,64,72,8,13317.525062866212,bf2dba930a3ea008
checkpoint_gen_100.pkl,100,65,33,10,-1917061.4444714356,9a8c87b8f1b5cbc5
checkpoint_gen_100.pkl,100,66,33,6,-4034210.253884277,2f209518539821ac
checkpoint_gen_100.pkl,100,67,150,11,13317.585062866212,48e372f64f959df1
checkpoint_gen_100.pkl,100,68,29,6,-3266367.126442261,785d2d61b90c4dc4
checkpoint_gen_100.pkl,100,69,29,6,-3329212.602247315,2522b3589323c41c
checkpoint_gen_100.pkl,100,70,69,9,-3455930.0961938472,3875be7ebd3e228f
checkpoint_gen_100.pkl,100,71,34,7,-4487553.302167358,bd50a96275620611
checkpoint_gen_100.pkl,100,72,29,6,13383.126455688476,689742cd6ed6c9e6
checkpoint_gen_100.pkl,100,73,39,8,-4487553.302167358,bafe4e93b90b94cb
checkpoint_gen_100.pkl,100,74,78,9,-3451472.2648864747,bba6ca59611d12a2
checkpoint_gen_100.pkl,100,75,29,6,-4501163.810179749,41b37108a1e49395
checkpoint_gen_100.pkl,100,76,38,7,13383.126455688476,48be0ea592784833
checkpoint_gen_100.pkl,100,77,29,6,-475803.71807312017,82ca32081f408551
checkpoint_gen_100.pkl,100,78,40,7,-8213003.092800903,837aff18b0eed022
checkpoint_gen_100.pkl,100,79,29,6,13317.585062866212,f9a2a527e4a1bc2d
checkpoint_gen_100.pkl,100,80,29,6,-4487553.302167358,bbecb14febb6463d
checkpoint_gen_100.pkl,100,81,29,6,13383.246455688477,46c24f564186a41f
checkpoint_gen_100.pkl,100,82,29,6,-4487553.302167358,b41f696ccfd161b4
checkpoint_gen_100.pkl,100,83,29,6,-826011.8169976808,bfb74d362f1dfb0e
checkpoint_gen_100.pkl,100,84,29,6,13383.246455688477,46c24f564186a41f
checkpoint_gen_100.pkl,100,85,23,5,-4501163.810179749,dd81942bd7df52ad
checkpoint_gen_100.pkl,100,86,29,6,13383.126455688476,732b4ff406a42f91
checkpoint_gen_100.pkl,100,87,29,6,-4501163.810179749,39f05cf0942ad8c6
checkpoint_gen_100.pkl,100,88,61,10,-3329212.602247315,3aaec1898bb8d61a
checkpoint_gen_100.pkl,100,89,110,8,-328000.6923272705,8d5119838d693f85
checkpoint_gen_100.pkl,100,90,29,6,-4487553.302167358,aa7999ada7173986
checkpoint_gen_100.pkl,100,91,32,6,-4501163.810179749,e1e29bdf9195bb1f
checkpoint_gen_100.pkl,100,92,25,6,15356.421379394533,63d0d410d20d2fcb
checkpoint_gen_100.pkl,100,93,47,9,-4501163.810179749,456e03c5e3ff7b69
checkpoint_gen_100.pkl,100,94,60,11,-4487553.302167358,1a4d12202cd7ab98
checkpoint_gen_100.pkl,100,95,29,6,-4034210.253884277,69990a51c6ed37b7
checkpoint_gen_100.pkl,100,96,26,7,-3266367.126442261,fc04d13841eb9f51
checkpoint_gen_100.pkl,100,97,24,6,-3266367.126442261,7927a2539eaf0f6a
checkpoint_gen_100.pkl,100,98,89,9,-3329212.602247315,dee68940966118da
checkpoint_gen_100.pkl,100,99,68,9,-4501163.810179749,f93d4cf8293da285
checkpoint_gen_110.pkl,110,0,46,8,31876.560506591795,5ee0c5305bb7d13a
checkpoint_gen_110.pkl,110,1,63,11,10003.641798706054,773c9595c0213272
checkpoint_gen_110.pkl,110,2,38,7,27618.928596191407,104d73b5c683c743
checkpoint_gen_110.pkl,110,3,46,8,40005.491136474615,68733edd881fd0c4
checkpoint_gen_110.pkl,110,4,46,8,15117.930313720706,de830ca52be4efa8
checkpoint_gen_110.pkl,110,5,31,6,7661.651810913087,deb7e5f0a16b184c
checkpoint_gen_110.pkl,110,6,51,8,-7280958.06,d7e8e3fa4bd8c497
checkpoint_gen_110.pkl,110,7,52,11,15117.695123291016,2493f9109ea2eba8
checkpoint_gen_110.pkl,110,8,56,11,17114.473914794922,43398ae69894c2f4
checkpoint_gen_110.pkl,110,9,72,8,-7938836.7,5639b9dcf3c04105
checkpoint_gen_110.pkl,110,10,26,5,-5367691.440238037,57cc497e8f0bdddd
checkpoint_gen_110.pkl,110,11,62,10,-7239215.459999999,5629d298cb819ee6
checkpoint_gen_110.pkl,110,12,91,9,-8225004.0,5d390b39dbb5894d
checkpoint_gen_110.pkl,110,13,123,11,15117.930313720706,8962185707bf2027
checkpoint_gen_110.pkl,110,14,40,7,31783.19320800782,198e5d67c3cc0c6a
checkpoint_gen_110.pkl,110,15,49,9,-5836940.231334228,527176d8288d2b57
checkpoint_gen_110.pkl,110,16,46,8,-7607276.7,9f18bae08757776f
checkpoint_gen_110.pkl,110,17,46,8,-1354690.6868518067,dcda5e74b1c8e8c6
checkpoint_gen_110.pkl,110,18,56,11,17114.473914794922,2945f91843495389
checkpoint_gen_110.pkl,110,19,40,7,31783.19320800782,198e5d67c3cc0c6a
checkpoint_gen_110.pkl,110,20,35,6,19824.80821411133,5c6e56679fc529b3
checkpoint_gen_110.pkl,110,21,52,9,31544.46946166992,df14a2f91524a06a
checkpoint_gen_110.pkl,110,22,29,6,-5305584.576328126,322c33a5f91aae27
checkpoint_gen_110.pkl,110,23,60,9,-5519812.719138183,519516a5e828cd3e
checkpoint_gen_110.pkl,110,24,29,6,-5305584.556328125,346eee4b03bb886e
checkpoint_gen_110.pkl,110,25,63,13,-7239215.459999999,e716501c80adb7c1
checkpoint_gen_110.pkl,110,26,91,9,-7478320.805079346,0351480bd5252826
checkpoint_gen_110.pkl,110,27,46,8,-7533554.354783019,1fc3d3ddf8ad3a03
checkpoint_gen_110.pkl,110,28,39,7,-7508043.600920105,a84c1ef1f38800aa
checkpoint_gen_110.pkl,110,29,57,9,31545.64953979492,e5ba1e8cc6c84ba3
checkpoint_gen_110.pkl,110,30,40,8,-7280958.06,3cc345a6277caa7d
checkpoint_gen_110.pkl,110,31,52,9,9073.68310180664,343d287be70cd83b
checkpoint_gen_110.pkl,110,32,57,9,15117.695123291016,06eeafe031ba7e0c
checkpoint_gen_110.pkl,110,33,56,10,-5836940.231334228,898abebaf3670ca8
checkpoint_gen_110.pkl,110,34,46,8,9073.68310180664,75d90f61c561916b
checkpoint_gen_110.pkl,110,35,83,12,9073.68310180664,89dc7eebb5675e08
checkpoint_gen_110.pkl,110,36,36,8,-5835573.539835204,0d0cd340b030d9d5
checkpoint_gen_110.pkl,110,37,46,8,11074.16310180664,1af0723c128a4268
checkpoint_gen_110.pkl,110,38,46,8,-7607276.7,9f18bae08757776f
checkpoint_gen_110.pkl,110,39,42,7,21755.087165527344,bc93d4a68953c762
checkpoint_gen_110.pkl,110,40,42,8,40005.03113647461,ace8b4f19fdaa90b
checkpoint_gen_110.pkl,110,41,111,10,31783.19320800782,653d9f223570d673
checkpoint_gen_110.pkl,110,42,40,7,26032.212496337892,f4bff844292b7487
checkpoint_gen_110.pkl,110,43,54,9,-7508043.600920105,e7a070ea254c3b5d
checkpoint_gen_110.pkl,110,44,86,12,15117.859981689453,4c6883332c484765
checkpoint_gen_110.pkl,110,45,91,10,-222556.91900024415,f24747dad50c4150
checkpoint_gen_110.pkl,110,46,36,7,15117.695123291016,5f826ee1878fde83
checkpoint_gen_110.pkl,110,47,41,8,-243603.1239367676,51137c5c85ef6ffd
checkpoint_gen_110.pkl,110,48,46,8,-7020646.2,408ddcc7ffb3b394
checkpoint_gen_110.pkl,110,49,107,12,27916.581723632815,ce7e2bd1ebb42876
checkpoint_gen_110.pkl,110,50,101,10,-5836579.394914551,d5687d842ceb852b
checkpoint_gen_110.pkl,110,51,40,7,9073.68310180664,b9240f0e4c83eae0
checkpoint_gen_110.pkl,110,52,52,8,15117.930313720706,8383640081591dc2
checkpoint_gen_110.pkl,110,53,24,7,-7478320.805079346,d17241ca29bd172f
checkpoint_gen_110.pkl,110,54,73,9,-3781375.692054443,fc6f22034a3f3d9c
checkpoint_gen_110.pkl,110,55,55,8,25535.00770874024,2551a6ec55ba1c9b
checkpoint_gen_110.pkl,110,56,35,7,-5569242.641760253,6d9aa3c0e40c562b
checkpoint_gen_110.pkl,110,57,24,6,-7508043.600920105,2037b441d3bb1a07
checkpoint_gen_110.pkl,110,58,47,9,-7508043.600920105,f3368ff9cbc92f92
checkpoint_gen_110.pkl,110,59,40,7,18303.076175537113,56db5ac6d722ab9a
checkpoint_gen_110.pkl,110,60,50,7,-8225004.0,b5a2aed9574afa3d
checkpoint_gen_110.pkl,110,61,45,9,-7478320.805061035,5bd6771777ef18fb
checkpoint_gen_110.pkl,110,62,87,12,15117.930313720706,be7ec013a70ba723
checkpoint_gen_110.pkl,110,63,40,7,20303.41617553711,aca29bd1590ed976
checkpoint_gen_110.pkl,110,64,41,8,-7607276.7,562ad8686d1c34fd
checkpoint_gen_110.pkl,110,65,46,8,18652.987262573246,e3a80618aacb5fe5
checkpoint_gen_110.pkl,110,66,40,7,31783.19320800782,40d916276930452d
checkpoint_gen_110.pkl,110,67,55,10,-7280958.06,d19fc44dc435f672
checkpoint_gen_110.pkl,110,68,54,8,9073.68310180664,3a6cf7ecc03c2552
checkpoint_gen_110.pkl,110,69,41,8,-6918627.6,1dd6008d56b67779
checkpoint_gen_110.pkl,110,70,55,10,31782.966413574224,a98f2f3ef1241f2f
checkpoint_gen_110.pkl,110,71,111,14,9073.68310180664,21adf55729b80284
checkpoint_gen_110.pkl,110,72,57,8,15042.3069543457,36a6192b9a41ae0c
checkpoint_gen_110.pkl,110,73,65,9,9073.68310180664,279140c47facd0ff
checkpoint_gen_110.pkl,110,74,70,8,-4852106.967145996,362dfcebe113bd00
checkpoint_gen_110.pkl,110,75,159,11,-7457136.209681396,2caa632b7fbf489c
checkpoint_gen_110.pkl,110,76,46,8,39673.44009155273,42ebea3e3c098685
checkpoint_gen_110.pkl,110,77,40,7,-7239215.459999999,2d2aa16bf01d2956
checkpoint_gen_110.pkl,110,78,68,10,-7508043.600920105,92bca39b087bd320
checkpoint_gen_110.pkl,110,79,74,9,-7239215.459999999,58e6f1f9122bec13
checkpoint_gen_110.pkl,110,80,60,8,21263.73599914551,b75f595fae7631ad
checkpoint_gen_110.pkl,110,81,136,11,-7938836.7,f71d325797fd0575
checkpoint_gen_110.pkl,110,82,45,9,-8225004.0,11aaaa3db71504de
checkpoint_gen_110.pkl,110,83,48,8,31545.64953979492,fcf792c225854e4b
checkpoint_gen_110.pkl,110,84,46,8,31876.560506591795,5ee0c5305bb7d13a
checkpoint_gen_110.pkl,110,85,60,11,-8225004.0,58314f52881b9438
checkpoint_gen_110.pkl,110,86,33,6,-7239215.459999999,45118e481e74af26
checkpoint_gen_110.pkl,110,87,49,7,-5218179.293428955,4839b8378b546bd9
checkpoint_gen_110.pkl,110,88,27,8,-6916590.354693604,269862bd5f1251de
checkpoint_gen_110.pkl,110,89,73,9,40005.01113647461,323f4a466785373f
checkpoint_gen_110.pkl,110,90,93,9,15117.930313720706,d3eeabfb691cecbe
checkpoint_gen_110.pkl,110,91,42,8,-4854817.460747071,44d850b13a6ed817
checkpoint_gen_110.pkl,110,92,50,8,18702.262106323244,6716620324a62413
checkpoint_gen_110.pkl,110,93,158,13,-6135212.306335449,7c0234da6f443c64
checkpoint_gen_110.pkl,110,94,113,11,-1354690.6868518067,70d001c5bb822029
checkpoint_gen_110.pkl,110,95,38,7,23801.23810546875,63dbd1449ffcc1e5
checkpoint_gen_110.pkl,110,96,54,9,28154.233483886717,47312ee6ddd30ce6
checkpoint_gen_110.pkl,110,97,65,11,15117.930313720706,a99c25aeca0b4bbc
checkpoint_gen_110.pkl,110,98,104,10,-7692747.6,1f3dedaad5023a1b
checkpoint_gen_110.pkl,110,99,46,8,-8225004.0,40259afa990ceeb2
checkpoint_gen_120.pkl,120,0,46,8,13776.026273803713,81e4d97ad9ef7777
checkpoint_gen_120.pkl,120,1,50,7,13472.062870483398,e96ae7d4c81295ae
checkpoint_gen_120.pkl,120,2,46,8,17516.767252197264,7978ecaf2ec49f10
checkpoint_gen_120.pkl,120,3,78,14,29640.561433105475,19dbf96bd9725716
checkpoint_gen_120.pkl,120,4,46,8,-547674.448834839,eefa42c37bfa6cbb
checkpoint_gen_120.pkl,120,5,51,8,13472.082870483398,25194bf2c7ca97ae
checkpoint_gen_120.pkl,120,6,73,9,-3117671.714210205,e73202851b5f6568
checkpoint_gen_120.pkl,120,7,46,8,15526.815661621094,d91fc599d0214781
checkpoint_gen_120.pkl,120,8,54,8,24147.3,f1786a439c2437d3
checkpoint_gen_120.pkl,120,9,46,8,-6498126.666176757,1311226728310d67
checkpoint_gen_120.pkl,120,10,22,6,-4365309.894286499,59b503de4532ef24
checkpoint_gen_120.pkl,120,11,53,9,-6317843.82,53ee1cd0fd824ff5
checkpoint_gen_120.pkl,120,12,66,12,18304.534442749027,036fcf669f4c8a0a
checkpoint_gen_120.pkl,120,13,96,8,-8221004.0,b1b312dfcc20307c
checkpoint_gen_120.pkl,120,14,17,4,-6498126.666176757,c66814f8ec92000b
checkpoint_gen_120.pkl,120,15,88,9,13830.401796875001,2310904a28d9c6af
checkpoint_gen_120.pkl,120,16,33,7,17516.76723999023,383328d7d1f1b89b
checkpoint_gen_120.pkl,120,17,7,3,-7161588.0,775b2657f7b86339
checkpoint_gen_120.pkl,120,18,49,8,-4350120.582948608,e48802259f3089ab
checkpoint_gen_120.pkl,120,19,55,8,-3117671.714197998,ceea7a854724c0b2
checkpoint_gen_120.pkl,120,20,46,8,14843.638725585939,422143aacc8b67c6
checkpoint_gen_120.pkl,120,21,101,7,-7161588.0,83b0776566f63bc5
checkpoint_gen_120.pkl,120,22,46,8,13776.026273803713,81e4d97ad9ef7777
checkpoint_gen_120.pkl,120,23,41,8,-7008486.2,3894aa6588d8268b
checkpoint_gen_120.pkl,120,24,46,8,13830.401796875001,1e2d9d84cabcd9ea
checkpoint_gen_120.pkl,120,25,46,8,17516.767252197264,5db0c1957845bf5a
checkpoint_gen_120.pkl,120,26,46,8,13776.026273803713,81e4d97ad9ef7777
checkpoint_gen_120.pkl,120,27,50,8,-7008486.2,94af7700b41b910a
checkpoint_gen_120.pkl,120,28,50,8,15092.727460937502,9f8f2adf9f365ecd
checkpoint_gen_120.pkl,120,29,46,8,13830.561791992188,104f54b3ad7686c8
checkpoint_gen_120.pkl,120,30,54,8,9102.797921142579,13eeebac5fc61615
checkpoint_gen_120.pkl,120,31,52,8,17516.767252197264,87b62f095946ac26
checkpoint_gen_120.pkl,120,32,47,8,-6317843.82,be00cc364e21c4e2
checkpoint_gen_120.pkl,120,33,46,8,18304.694442749023,85f5315892ff72b9
checkpoint_gen_120.pkl,120,34,44,10,-5993970.18,5ba50c845bdd14e2
checkpoint_gen_120.pkl,120,35,46,8,13830.561791992188,3f6bfef8710f77e9
checkpoint_gen_120.pkl,120,36,131,12,29640.561433105475,bc9b8308f430566a
checkpoint_gen_120.pkl,120,37,46,8,13806.389506835938,51fd52b79d046e7a
checkpoint_gen_120.pkl,120,38,46,8,20235.559414062496,3267f25b0cdf402e
checkpoint_gen_120.pkl,120,39,46,8,-4488297.038645019,c74aa7f01bbf8e15
checkpoint_gen_120.pkl,120,40,85,13,29640.561433105475,00a11233f1c003bc
checkpoint_gen_120.pkl,120,41,33,7,-6498126.666176757,ea4a7bffd73bf4de
checkpoint_gen_120.pkl,120,42,45,10,-6690157.600000001,0cede5bc53e99788
checkpoint_gen_120.pkl,120,43,149,12,-6498126.666176757,b901641a642229dd
checkpoint_gen_120.pkl,120,44,46,8,13830.561791992188,104f54b3ad7686c8
checkpoint_gen_120.pkl,120,45,17,4,-6498126.666176757,16e4686dce0382db
checkpoint_gen_120.pkl,120,46,46,8,13776.026273803713,81e4d97ad9ef7777
checkpoint_gen_120.pkl,120,47,46,8,13776.026273803713,81e4d97ad9ef7777
checkpoint_gen_120.pkl,120,48,46,8,17516.767252197264,5db0c1957845bf5a
checkpoint_gen_120.pkl,120,49,52,8,15857.3125592041,560fe0ce966681d4
checkpoint_gen_120.pkl,120,50,43,8,29977.461548461917,385d16590c0c0f4f
checkpoint_gen_120.pkl,120,51,49,8,-6508480.58,2ee12deaf2fa1d71
checkpoint_gen_120.pkl,120,52,46,8,13776.026273803713,81e4d97ad9ef7777
checkpoint_gen_120.pkl,120,53,92,10,17516.767252197264,3aaed7bb8d0176fd
checkpoint_gen_120.pkl,120,54,46,8,-6317843.82,b6d1875bd7c62684
checkpoint_gen_120.pkl,120,55,46,8,13776.026273803713,81e4d97ad9ef7777
checkpoint_gen_120.pkl,120,56,41,7,29977.461548461917,78a9d5a1488f6a38
checkpoint_gen_120.pkl,120,57,45,10,15383.003801269533,1bb526f026cb2aee
checkpoint_gen_120.pkl,120,58,46,8,29637.59637451172,bc25cd3e1159b6d8
checkpoint_gen_120.pkl,120,59,46,8,13776.026273803713,81e4d97ad9ef7777
checkpoint_gen_120.pkl,120,60,57,7,-7161588.0,e7bd455adc198593
checkpoint_gen_120.pkl,120,61,41,7,-1893418.1531921388,4d464e1095b29889
checkpoint_gen_120.pkl,120,62,55,8,13627.900325927734,3117ab8872738d4b
checkpoint_gen_120.pkl,120,63,121,13,13830.401796875001,20fd03883e0133ef
checkpoint_gen_120.pkl,120,64,56,8,-7008486.2,88a388559a8bb355
checkpoint_gen_120.pkl,120,65,45,10,17517.067252197266,1826a0341fc0fdfa
checkpoint_gen_120.pkl,120,66,47,7,13989.567388916013,44f993bbce1e1409
checkpoint_gen_120.pkl,120,67,41,7,-7161588.0,d5c421a1a38b6835
checkpoint_gen_120.pkl,120,68,40,7,29977.461548461917,40941393d362443b
checkpoint_gen_120.pkl,120,69,68,11,29977.461548461917,de3203aa5e239cc1
checkpoint_gen_120.pkl,120,70,46,8,13806.389506835938,51fd52b79d046e7a
checkpoint_gen_120.pkl,120,71,46,8,17934.592177124025,8fae7165bf3ba2a6
checkpoint_gen_120.pkl,120,72,51,8,-6498126.666176757,6fcb9995b180f8e2
checkpoint_gen_120.pkl,120,73,50,8,-8221004.0,bee1792d40822781
checkpoint_gen_120.pkl,120,74,73,9,-7008486.2,323cd826a77ed8f2
checkpoint_gen_120.pkl,120,75,129,8,-7008486.2,9fe6dc9958bf7ae1
checkpoint_gen_120.pkl,120,76,93,13,29640.561433105475,1b261cd0e4619071
checkpoint_gen_120.pkl,120,77,66,9,-6270845.220000001,c83c1b268c05d752
checkpoint_gen_120.pkl,120,78,46,8,13830.561791992188,23250b9aadb35975
checkpoint_gen_120.pkl,120,79,46,8,13806.389506835938,9d3b10b606c56a03
checkpoint_gen_120.pkl,120,80,26,5,-6280921.220000001,7dc78eac0650208f
checkpoint_gen_120.pkl,120,81,46,8,13776.026273803713,81e4d97ad9ef7777
checkpoint_gen_120.pkl,120,82,43,10,5583.522565307619,d70a2cabfef86be1
checkpoint_gen_120.pkl,120,83,46,8,-4350120.582948608,c5e53575b62ce200
checkpoint_gen_120.pkl,120,84,88,9,11519.282157592772,fb0f534c4cf6a5c1
checkpoint_gen_120.pkl,120,85,50,11,29977.461548461917,960bd78c911c9bcd
checkpoint_gen_120.pkl,120,86,154,12,15974.7806640625,7c267fa85d639047
checkpoint_gen_120.pkl,120,87,51,11,25108.962576904294,53ad39a743148a0e
checkpoint_gen_120.pkl,120,88,40,8,13830.401796875001,609241826f85d7f8
checkpoint_gen_120.pkl,120,89,66,12,13829.961796875,179424c5f1629a09
checkpoint_gen_120.pkl,120,90,46,8,13776.026273803713,81e4d97ad9ef7777
checkpoint_gen_120.pkl,120,91,51,12,23677.4109185791,037a6ae23ea53943
checkpoint_gen_120.pkl,120,92,46,8,-1398195.8724890135,6a2969b06b6b6a11
checkpoint_gen_120.pkl,120,93,68,12,-6317843.82,9201e933567e5bae
checkpoint_gen_120.pkl,120,94,73,9,-1398194.0938391113,036536e177f5c679
checkpoint_gen_120.pkl,120,95,46,8,17516.767252197264,6c8dab477d5ba653
checkpoint_gen_120.pkl,120,96,45,7,13472.299767456056,a3600de7f8d4fc62
checkpoint_gen_120.pkl,120,97,46,8,13776.026273803713,81e4d97ad9ef7777
checkpoint_gen_120.pkl,120,98,46,8,-6317843.82,5aa2286e4628c97d
checkpoint_gen_120.pkl,120,99,69,10,13830.401796875001,d61b06f70e360583
checkpoint_gen_130.pkl,130,0,41,7,23607.63299316406,387977803b077a16
checkpoint_gen_130.pkl,130,1,47,9,17374.265439453124,1280dfec49d3fd23
checkpoint_gen_130.pkl,130,2,47,7,19716.29095703125,ffa30764986f5aa6
checkpoint_gen_130.pkl,130,3,41,7,23607.63299316406,1d2376bad9c5d190
checkpoint_gen_130.pkl,130,4,19,5,-5535222.039193115,1042e907a5a8c669
checkpoint_gen_130.pkl,130,5,41,7,23607.63299316406,387977803b077a16
checkpoint_gen_130.pkl,130,6,62,9,23607.63299316406,3541518aa7b4c443
checkpoint_gen_130.pkl,130,7,50,7,-3976352.905524902,8f3f44c0bf816485
checkpoint_gen_130.pkl,130,8,72,12,23607.63299316406,c852f12006e3d19f
checkpoint_gen_130.pkl,130,9,66,9,23607.63299316406,7bfe6c0fee275e36
checkpoint_gen_130.pkl,130,10,41,7,23607.63299316406,387977803b077a16
checkpoint_gen_130.pkl,130,11,80,12,23607.63299316406,893442432b15792d
checkpoint_gen_130.pkl,130,12,56,7,-6520400.884327088,1be9cc31038ffe9c
checkpoint_gen_130.pkl,130,13,4,2,-6913386.7,977ec0a7bd473f38
checkpoint_gen_130.pkl,130,14,66,9,23607.63299316406,7bfe6c0fee275e36
checkpoint_gen_130.pkl,130,15,41,7,-5945171.600000001,d9ef42e4090fc353
checkpoint_gen_130.pkl,130,16,40,7,-6308619.58,72365f69d8243927
checkpoint_gen_130.pkl,130,17,68,7,19716.29095703125,7e32cad4aa11fb0c
checkpoint_gen_130.pkl,130,18,41,7,-6519420.7,a5a44c763b66a990
checkpoint_gen_130.pkl,130,19,41,7,23607.63299316406,85c0e5a423c3621c
checkpoint_gen_130.pkl,130,20,41,7,23607.63299316406,387977803b077a16
checkpoint_gen_130.pkl,130,21,59,8,-6521611.527822265,6f0ba8126847c5dd
checkpoint_gen_130.pkl,130,22,41,7,23607.63299316406,387977803b077a16
checkpoint_gen_130.pkl,130,23,52,10,-6308619.58,1b3893ab2e959a6c
checkpoint_gen_130.pkl,130,24,38,7,23608.13299316406,65734449d90443b8
checkpoint_gen_130.pkl,130,25,51,7,28481.627597656247,c7be192c9954158a
checkpoint_gen_130.pkl,130,26,44,7,-6520400.884327088,d9e29663ae4068ae
checkpoint_gen_130.pkl,130,27,38,7,19326.87278198242,28b339d8cee17bf0
checkpoint_gen_130.pkl,130,28,22,5,-6308619.58,014f8a5c76c03657
checkpoint_gen_130.pkl,130,29,20,6,-7158906.0,88eebe0441f2d3db
checkpoint_gen_130.pkl,130,30,45,7,-7158418.598003387,c86379428848276e
checkpoint_gen_130.pkl,130,31,46,8,23608.13299316406,03042a6b9db29f1a
checkpoint_gen_130.pkl,130,32,41,7,23607.63299316406,387977803b077a16
checkpoint_gen_130.pkl,130,33,41,7,2505.4405358886734,aea5c765782fe405
checkpoint_gen_130.pkl,130,34,45,7,23608.13299316406,e6dceae772ba646e
checkpoint_gen_130.pkl,130,35,41,7,23607.63299316406,387977803b077a16
checkpoint_gen_130.pkl,130,36,40,7,19716.290993652343,89251dc2109d25cf
checkpoint_gen_130.pkl,130,37,44,7,23607.63299316406,04b9588b064c1b36
checkpoint_gen_130.pkl,130,38,41,7,23607.63299316406,387977803b077a16
checkpoint_gen_130.pkl,130,39,41,7,23608.13299316406,027d193ec93bae5f
checkpoint_gen_130.pkl,130,40,36,7,-3365415.8826855468,cdc2dc53c62062be
checkpoint_gen_130.pkl,130,41,45,7,23608.13299316406,545701faafdb5886
checkpoint_gen_130.pkl,130,42,36,7,-6914641.6,6ec1f45027d304ea
checkpoint_gen_130.pkl,130,43,41,7,23607.63299316406,387977803b077a16
checkpoint_gen_130.pkl,130,44,41,7,23607.63299316406,85c0e5a423c3621c
checkpoint_gen_130.pkl,130,45,50,9,-5749835.779598389,20e22151a3645a9e
checkpoint_gen_130.pkl,130,46,41,7,23607.63299316406,387977803b077a16
checkpoint_gen_130.pkl,130,47,41,7,19716.290993652343,6e78117b369f90fd
checkpoint_gen_130.pkl,130,48,46,7,-7158906.0,91f9a86978f9c22d
checkpoint_gen_130.pkl,130,49,38,7,-6308619.58,6ca8c6b88d3ec4ab
checkpoint_gen_130.pkl,130,50,58,7,21252.197225341795,b816e53a5b3d2310
checkpoint_gen_130.pkl,130,51,51,7,-6914641.6,7794da402dfae986
checkpoint_gen_130.pkl,130,52,93,9,-3976019.1655249014,065929dd3e32d8c5
checkpoint_gen_130.pkl,130,53,40,7,23607.63299316406,613ed0052ece37e4
checkpoint_gen_130.pkl,130,54,46,8,-5945171.600000001,f2ede92712b942c5
checkpoint_gen_130.pkl,130,55,41,7,-6626906.699999999,b92611d4a2e41a1d
checkpoint_gen_130.pkl,130,56,17,4,-6520400.884327088,42389df3c000f483
checkpoint_gen_130.pkl,130,57,37,8,-6308619.58,d955ab91808d6871
checkpoint_gen_130.pkl,130,58,41,7,23607.63299316406,b9ff2a5ac6f6a6a8
checkpoint_gen_130.pkl,130,59,48,7,-6308619.58,3c3647b7fff8f822
checkpoint_gen_130.pkl,130,60,93,11,19716.290993652343,189ea82300ac3ec7
checkpoint_gen_130.pkl,130,61,107,11,23607.63299316406,b39f83d8624f367f
checkpoint_gen_130.pkl,130,62,133,9,-3976019.1655249014,2e3597196c8ecdc2
checkpoint_gen_130.pkl,130,63,33,7,-3976019.1655249014,5a590bb3d54285c0
checkpoint_gen_130.pkl,130,64,46,8,23608.13299316406,83818e9fea9ead64
checkpoint_gen_130.pkl,130,65,41,7,23607.63299316406,85c0e5a423c3621c
checkpoint_gen_130.pkl,130,66,47,8,-6308619.58,5b1189832e8aa6a4
checkpoint_gen_130.pkl,130,67,51,7,-5945171.600000001,e74b5341aede6bc7
checkpoint_gen_130.pkl,130,68,55,7,22155.49650146484,ea5ba9d2bc3e73e6
checkpoint_gen_130.pkl,130,69,97,12,23371.72323364258,3fbb46ae9d639232
checkpoint_gen_130.pkl,130,70,41,7,-5945171.600000001,81aa2f8973ac490d
checkpoint_gen_130.pkl,130,71,41,7,23607.63299316406,14df8a080222c05b
checkpoint_gen_130.pkl,130,72,44,7,23607.63299316406,81150b1d5c20e9f6
checkpoint_gen_130.pkl,130,73,26,5,-6308619.58,017cd9d6719fee3c
checkpoint_gen_130.pkl,130,74,86,12,23607.63299316406,96a2c7f2dbf6ac6f
checkpoint_gen_130.pkl,130,75,41,7,23607.63299316406,387977803b077a16
checkpoint_gen_130.pkl,130,76,41,7,23607.63299316406,387977803b077a16
checkpoint_gen_130.pkl,130,77,43,8,-5945171.600000001,1b247bb123966317
checkpoint_gen_130.pkl,130,78,40,7,-8217004.0,ce91ea8f19e41a2a
checkpoint_gen_130.pkl,130,79,46,7,-8217100.0,1e7aa3c3f302165f
checkpoint_gen_130.pkl,130,80,41,7,23607.63299316406,04fabfd93adccda9
checkpoint_gen_130.pkl,130,81,41,7,-7158906.0,9e8ecf7df7d6f70f
checkpoint_gen_130.pkl,130,82,41,7,23607.63299316406,387977803b077a16
checkpoint_gen_130.pkl,130,83,47,7,23607.63299316406,eea197485629015e
checkpoint_gen_130.pkl,130,84,116,12,-6308619.58,ef5c84044b20b47a
checkpoint_gen_130.pkl,130,85,41,7,23607.63299316406,387977803b077a16
checkpoint_gen_130.pkl,130,86,41,7,23607.63299316406,387977803b077a16
checkpoint_gen_130.pkl,130,87,41,7,23607.63299316406,02b4c74cf13d0305
checkpoint_gen_130.pkl,130,88,41,7,23607.63299316406,85c0e5a423c3621c
checkpoint_gen_130.pkl,130,89,41,7,23607.63299316406,387977803b077a16
checkpoint_gen_130.pkl,130,90,178,13,-6308619.58,4cbc986246bda634
checkpoint_gen_130.pkl,130,91,44,7,23607.63299316406,f17825274ff1d79c
checkpoint_gen_130.pkl,130,92,41,7,23607.63299316406,387977803b077a16
checkpoint_gen_130.pkl,130,93,41,7,23608.13299316406,9756646584dadefa
checkpoint_gen_130.pkl,130,94,42,8,23607.63299316406,2418dbfd549a97ac
checkpoint_gen_130.pkl,130,95,158,13,-5945171.600000001,69b8561f08ce2b16
checkpoint_gen_130.pkl,130,96,41,7,23607.63299316406,387977803b077a16
checkpoint_gen_130.pkl,130,97,41,7,19298.33353637695,8d9a7eadb27daee5
checkpoint_gen_130.pkl,130,98,24,5,-5778892.678792724,d28f8991902e0be8
checkpoint_gen_130.pkl,130,99,41,7,-3976019.1655249014,f29510284da73417
checkpoint_gen_140.pkl,140,0,46,8,19759.61659301758,221334e03cac3281
checkpoint_gen_140.pkl,140,1,41,7,-235391.57584472658,06a76db9e3e4369c
checkpoint_gen_140.pkl,140,2,42,7,-5016831.561546936,ba6d719d13da58b3
checkpoint_gen_140.pkl,140,3,42,7,-5137658.699999999,e9df6add5a0b1842
checkpoint_gen_140.pkl,140,4,62,13,30161.229102783203,a3d47cf9721646c9
checkpoint_gen_140.pkl,140,5,120,17,26554.23984741211,34856518fdafb15c
checkpoint_gen_140.pkl,140,6,77,9,23671.313217773437,b9d190bcd467ef3e
checkpoint_gen_140.pkl,140,7,45,7,16655.295184326176,b704a3600902b59c
checkpoint_gen_140.pkl,140,8,51,7,18909.119844970704,58d37e483c29b5d1
checkpoint_gen_140.pkl,140,9,41,7,-3921235.9564343267,a526db8b9f66846c
checkpoint_gen_140.pkl,140,10,41,7,-235391.57584472658,06a76db9e3e4369c
checkpoint_gen_140.pkl,140,11,49,8,30161.229102783203,cb439a4bf65653af
checkpoint_gen_140.pkl,140,12,51,7,-7139008.0,63339f82fc4d4ff2
checkpoint_gen_140.pkl,140,13,8,3,-3792996.350827026,3aab5794c91a0e10
checkpoint_gen_140.pkl,140,14,42,7,36252.49263793945,fd02a18436447e46
checkpoint_gen_140.pkl,140,15,42,7,22094.27502441406,db3a8a7032e307ea
checkpoint_gen_140.pkl,140,16,51,7,18909.119844970704,58d37e483c29b5d1
checkpoint_gen_140.pkl,140,17,55,8,-5016831.561546936,fdeafa8970e1a6bf
checkpoint_gen_140.pkl,140,18,75,10,26514.168837890622,91055ecb1f118315
checkpoint_gen_140.pkl,140,19,44,7,-5016831.561546936,9150b1e0d11e5934
checkpoint_gen_140.pkl,140,20,60,8,-7139008.0,2e33b2735dfeb1ee
checkpoint_gen_140.pkl,140,21,74,11,-3957336.811038818,b5241101189ae75d
checkpoint_gen_140.pkl,140,22,52,8,-3962898.8910388188,d14828b348d17337
checkpoint_gen_140.pkl,140,23,63,10,-2798001.3825878897,1cafd1fc0bcd13e8
checkpoint_gen_140.pkl,140,24,56,8,26487.20167114258,340078f6ebc3fba0
checkpoint_gen_140.pkl,140,25,46,10,25672.12473022461,b641f65c50326f45
checkpoint_gen_140.pkl,140,26,51,7,30807.762008056638,174530ea56f3ee34
checkpoint_gen_140.pkl,140,27,42,7,-3780560.4655383304,178515edcf00e7a6
checkpoint_gen_140.pkl,140,28,97,11,-5040318.431120606,8b58947be7f042e9
checkpoint_gen_140.pkl,140,29,45,7,30807.762008056638,8509e26315af2f19
checkpoint_gen_140.pkl,140,30,42,7,25672.12473022461,b211d8c5abca192c
checkpoint_gen_140.pkl,140,31,65,10,26487.981671142577,43203b06c57ec4e8
checkpoint_gen_140.pkl,140,32,38,7,30161.229102783203,2d12a24132bff598
checkpoint_gen_140.pkl,140,33,65,8,-3072352.064552002,c30be1dbb6cf5e75
checkpoint_gen_140.pkl,140,34,41,6,5620.221535644532,bdc6a84c1f7da0ab
checkpoint_gen_140.pkl,140,35,35,9,30807.62200805664,5f7562cf74886e21
checkpoint_gen_140.pkl,140,36,113,17,30807.62200805664,804df9e04867367b
checkpoint_gen_140.pkl,140,37,41,7,-239685.92545410158,80e8fff89c7b7ef9
checkpoint_gen_140.pkl,140,38,51,7,18909.119844970704,a1e390a8faf8654a
checkpoint_gen_140.pkl,140,39,42,7,19699.3966027832,fe70034e91a0c8bc
checkpoint_gen_140.pkl,140,40,63,10,-5559840.0,693c40d726a5df60
checkpoint_gen_140.pkl,140,41,51,7,18909.119844970704,724cda253b120e60
checkpoint_gen_140.pkl,140,42,51,7,18909.119844970704,976fffc1f92e845a
checkpoint_gen_140.pkl,140,43,50,7,34253.34087524414,a6858f191a35d09c
checkpoint_gen_140.pkl,140,44,119,12,30161.229102783203,77806488a960563a
checkpoint_gen_140.pkl,140,45,50,7,1462.3407171630865,3300765a02ce9ffa
checkpoint_gen_140.pkl,140,46,50,7,38387.65865844727,e0f24930dfbf5f43
checkpoint_gen_140.pkl,140,47,51,7,-3962898.8910388188,60a94d074b1ec965
checkpoint_gen_140.pkl,140,48,38,7,30161.229102783203,2d12a24132bff598
checkpoint_gen_140.pkl,140,49,135,10,-233713.68363525398,c6516346b1ca6d3e
checkpoint_gen_140.pkl,140,50,51,7,19124.879844970703,6dbb3630836a3aac
checkpoint_gen_140.pkl,140,51,51,7,18909.119844970704,a4de1769ab5f084e
checkpoint_gen_140.pkl,140,52,75,10,-252028.41071533202,5e7141635ae049af
checkpoint_gen_140.pkl,140,53,51,7,19124.879844970703,701dfb9e0e5b494a
checkpoint_gen_140.pkl,140,54,50,7,26514.168837890622,ebbf170d78cbb254
checkpoint_gen_140.pkl,140,55,51,7,18909.119844970704,18f14a0539739f82
checkpoint_gen_140.pkl,140,56,89,11,19809.347232666016,60cd2b5a53042ae3
checkpoint_gen_140.pkl,140,57,45,7,-3962898.8910388188,033a373186216894
checkpoint_gen_140.pkl,140,58,51,7,18909.119844970704,c6e9be0171f479d2
checkpoint_gen_140.pkl,140,59,51,7,18909.119844970704,c6e9be0171f479d2
checkpoint_gen_140.pkl,140,60,76,9,-7139008.0,a98910a0fed238be
checkpoint_gen_140.pkl,140,61,43,7,-3921071.9164343267,28a17cc1b21b9f12
checkpoint_gen_140.pkl,140,62,51,7,18909.119844970704,58d37e483c29b5d1
checkpoint_gen_140.pkl,140,63,50,7,34253.34087524414,64b3223fa71e777b
checkpoint_gen_140.pkl,140,64,43,7,-4875347.46,05cc7fbb13235dfe
checkpoint_gen_140.pkl,140,65,51,8,-4651764.540000001,07dbacb5f43f003e
checkpoint_gen_140.pkl,140,66,42,7,18333.512548828126,f8b8ab69e11de9ec
checkpoint_gen_140.pkl,140,67,50,8,-3962898.8910388188,9337c607f1d060c1
checkpoint_gen_140.pkl,140,68,37,7,30807.62200805664,0520efeee9a784ec
checkpoint_gen_140.pkl,140,69,51,7,-162885.7401550293,2754756c6b5d26d0
checkpoint_gen_140.pkl,140,70,21,5,-3962898.8910388188,f4cdbb0942d27127
checkpoint_gen_140.pkl,140,71,116,17,40034.66521606445,82e4a4177a0c3e9e
checkpoint_gen_140.pkl,140,72,53,9,42459.26215332031,fa5c86a5c9ad74ba
checkpoint_gen_140.pkl,140,73,91,13,40034.66521606445,f208b71486ac2e7d
checkpoint_gen_140.pkl,140,74,42,7,32915.58580200195,109e9e4c52def3b1
checkpoint_gen_140.pkl,140,75,46,7,-6391029.100000001,6cf9cd936f1a053b
checkpoint_gen_140.pkl,140,76,42,7,19699.3966027832,fe70034e91a0c8bc
checkpoint_gen_140.pkl,140,77,42,7,19699.3966027832,fe70034e91a0c8bc
checkpoint_gen_140.pkl,140,78,42,7,25672.12473022461,b211d8c5abca192c
checkpoint_gen_140.pkl,140,79,63,10,30807.58881469727,6411408f9eeb6a6a
checkpoint_gen_140.pkl,140,80,57,10,-4926009.880000001,5f014c55d958cef6
checkpoint_gen_140.pkl,140,81,51,7,28674.54162475586,f5ffaac49e81ced3
checkpoint_gen_140.pkl,140,82,45,8,-4996846.521325379,0c77dd6dd13f2704
checkpoint_gen_140.pkl,140,83,50,7,34253.34087524414,51ddf10851d394c1
checkpoint_gen_140.pkl,140,84,59,8,-3962898.8910388188,852e4d17feccd086
checkpoint_gen_140.pkl,140,85,91,13,40034.66521606445,dbc4cf40d4650520
checkpoint_gen_140.pkl,140,86,46,8,28454.065750732425,c4f2097cf66c0b87
checkpoint_gen_140.pkl,140,87,46,10,30807.58881469727,ce5a674f1bfaa23a
checkpoint_gen_140.pkl,140,88,117,17,40034.66521606445,c49d36fb902b9403
checkpoint_gen_140.pkl,140,89,62,13,-5046372.58,fc15e7607efb4e41
checkpoint_gen_140.pkl,140,90,52,8,18909.119844970704,d9ca26dec42287da
checkpoint_gen_140.pkl,140,91,115,17,40034.66521606445,689c81354d0f1e89
checkpoint_gen_140.pkl,140,92,51,7,18909.119844970704,c6e9be0171f479d2
checkpoint_gen_140.pkl,140,93,42,7,25672.12473022461,ccb08be3a1043838
checkpoint_gen_140.pkl,140,94,44,8,-5054182.76,c79a21461c185f2e
checkpoint_gen_140.pkl,140,95,57,7,22094.27502441406,345c8e05b0b92edf
checkpoint_gen_140.pkl,140,96,50,7,-3921071.9164343267,fc7b889aaf0557e9
checkpoint_gen_140.pkl,140,97,42,7,-7139521.468001557,2ba1e28817cd64f2
checkpoint_gen_140.pkl,140,98,42,7,19699.3966027832,fe70034e91a0c8bc
checkpoint_gen_140.pkl,140,99,41,7,-235391.57584472658,d3faa73cfaaf8554
checkpoint_gen_150.pkl,150,0,54,10,35903.437607421874,a5d71346e8aa157a
checkpoint_gen_150.pkl,150,1,59,9,-5495951.600000001,01b097fde993866d
checkpoint_gen_150.pkl,150,2,58,11,29392.153426513676,09316f5616696942
checkpoint_gen_150.pkl,150,3,58,9,31714.54660888672,2f263be19ae88d23
checkpoint_gen_150.pkl,150,4,140,12,37526.66447021485,1b6b96c5ead5db38
checkpoint_gen_150.pkl,150,5,52,9,33905.2666796875,2e4562875b2aee72
checkpoint_gen_150.pkl,150,6,60,10,-5028027.837879028,2b5d3e05260f42e6
checkpoint_gen_150.pkl,150,7,50,9,35903.437607421874,12f2ede7588870a9
checkpoint_gen_150.pkl,150,8,125,12,15777.611221923831,8d62763319a4b0d4
checkpoint_gen_150.pkl,150,9,52,9,33905.2666796875,2e4562875b2aee72
checkpoint_gen_150.pkl,150,10,138,13,29199.14870239258,257ff0ecda125686
checkpoint_gen_150.pkl,150,11,31,7,19576.449307861327,6999d2527ff1fb3c
checkpoint_gen_150.pkl,150,12,57,10,19559.670327148437,4d9f25fa2070291b
checkpoint_gen_150.pkl,150,13,56,9,-7138344.0,d0a3c9024cd1e8c4
checkpoint_gen_150.pkl,150,14,52,9,33905.2666796875,2e4562875b2aee72
checkpoint_gen_150.pkl,150,15,48,9,29199.14870239258,c1d2efde75f59193
checkpoint_gen_150.pkl,150,16,54,10,-5495951.600000001,12e51bc12a6d0b6c
checkpoint_gen_150.pkl,150,17,100,9,-7135521.468001557,acc60add8a0b4eef
checkpoint_gen_150.pkl,150,18,80,13,22531.34717651367,28908a4f0e734b88
checkpoint_gen_150.pkl,150,19,52,9,-7387281.163203144,feb98e13ed8aa1e2
checkpoint_gen_150.pkl,150,20,52,9,29392.39342651367,70779a3d59190160
checkpoint_gen_150.pkl,150,21,54,10,35903.23760742188,8a8c17378677c7f9
checkpoint_gen_150.pkl,150,22,64,10,-1638845.504090576,fb5d8713af3a5c27
checkpoint_gen_150.pkl,150,23,46,8,22533.989788818355,27a4f7214f0f06c6
checkpoint_gen_150.pkl,150,24,53,9,-7135521.708001709,c30a37ccc821b995
checkpoint_gen_150.pkl,150,25,50,9,20761.60246337891,0feb6dc99952e572
checkpoint_gen_150.pkl,150,26,128,12,-5007834.705549927,dbdb1b189b29d7be
checkpoint_gen_150.pkl,150,27,47,7,-5556996.0,401b8a7ced193b30
checkpoint_gen_150.pkl,150,28,48,9,29199.14870239258,3a0ec5a54e8ee927
checkpoint_gen_150.pkl,150,29,49,9,29199.14870239258,a62f358913db0177
checkpoint_gen_150.pkl,150,30,43,7,26905.559260253904,c6b89d7cfe8d3835
checkpoint_gen_150.pkl,150,31,47,9,29199.14870239258,64bbc51d5dd3e1a6
checkpoint_gen_150.pkl,150,32,54,10,22531.347200927736,79e65d0837d61bc3
checkpoint_gen_150.pkl,150,33,50,9,35903.437607421874,12f2ede7588870a9
checkpoint_gen_150.pkl,150,34,98,11,-213518.98416992184,b1e1ebc135a29f18
checkpoint_gen_150.pkl,150,35,51,9,29199.14870239258,3609128f2ac775dc
checkpoint_gen_150.pkl,150,36,100,12,33905.2666796875,5119f9ca65d2d316
checkpoint_gen_150.pkl,150,37,53,9,29199.14870239258,6029eb4179dcbbea
checkpoint_gen_150.pkl,150,38,48,9,29199.14870239258,17214a421d39d45b
checkpoint_gen_150.pkl,150,39,4,2,-4382115.994261475,446adf5479352a3b
checkpoint_gen_150.pkl,150,40,43,7,-1605256.0078955076,977b5f4486b440cf
checkpoint_gen_150.pkl,150,41,58,10,-5007834.705549927,b8b16b870ce096db
checkpoint_gen_150.pkl,150,42,31,6,-4487618.503442993,bb5bde1341824279
checkpoint_gen_150.pkl,150,43,96,9,-5007834.705549927,d7d2ec52ea08fc0d
checkpoint_gen_150.pkl,150,44,36,9,-5127714.699999999,948b4af4b4f5bedd
checkpoint_gen_150.pkl,150,45,52,9,33905.2666796875,e5522a4af51ca31c
checkpoint_gen_150.pkl,150,46,68,11,29199.14870239258,5dbe8c40265dbc65
checkpoint_gen_150.pkl,150,47,52,9,35903.437607421874,c2b1287e2120c7f4
checkpoint_gen_150.pkl,150,48,54,10,29199.14870239258,0fe0ae184210795f
checkpoint_gen_150.pkl,150,49,53,9,22531.34717651367,a87920b4fb1303ff
checkpoint_gen_150.pkl,150,50,58,10,19559.450327148435,02c6f1e8dc08dfdd
checkpoint_gen_150.pkl,150,51,73,11,29199.14870239258,7dd47852fbda8ced
checkpoint_gen_150.pkl,150,52,84,16,29199.14870239258,874218d64e866d45
checkpoint_gen_150.pkl,150,53,52,7,-3728667.8860174557,f00cbd4651f7b1c7
checkpoint_gen_150.pkl,150,54,45,9,27218.040360107425,ff094185afd39378
checkpoint_gen_150.pkl,150,55,58,10,-852152.3340820314,daf088de9909c0e6
checkpoint_gen_150.pkl,150,56,49,9,29199.14870239258,e4df5598c0602fb3
checkpoint_gen_150.pkl,150,57,85,14,29199.14870239258,b14fdfc363537dd1
checkpoint_gen_150.pkl,150,58,58,11,-5495951.600000001,5e096eacadceb4c5
checkpoint_gen_150.pkl,150,59,121,13,-304695.1618615723,1d9c43b6c5356825
checkpoint_gen_150.pkl,150,60,68,11,-4858657.220000001,364d26f7a9fc2963
checkpoint_gen_150.pkl,150,61,69,9,29199.14870239258,c1b3bb62f4604820
checkpoint_gen_150.pkl,150,62,42,10,-5007834.705549927,3d19da9a2eb86121
checkpoint_gen_150.pkl,150,63,140,12,30931.381021728514,c5ca40a0e24dd417
checkpoint_gen_150.pkl,150,64,54,10,29392.553426513674,584cf7d54fd940b2
checkpoint_gen_150.pkl,150,65,58,9,-4858657.220000001,c22c84077daeaf8e
checkpoint_gen_150.pkl,150,66,54,10,29199.14870239258,50293c727465f6a2
checkpoint_gen_150.pkl,150,67,59,11,29199.14870239258,284956617a33e5c7
checkpoint_gen_150.pkl,150,68,49,9,19576.449307861327,40fcc42202f326cd
checkpoint_gen_150.pkl,150,69,52,9,33905.2666796875,9742eb2c39d62d0a
checkpoint_gen_150.pkl,150,70,107,12,22533.989788818355,bd33ca18ba86bf77
checkpoint_gen_150.pkl,150,71,48,9,29199.14870239258,e899d55863467cc9
checkpoint_gen_150.pkl,150,72,67,14,-7135521.708001709,861b6f3caac2fe78
checkpoint_gen_150.pkl,150,73,49,9,-5007834.705549927,01816eb82e660173
checkpoint_gen_150.pkl,150,74,50,9,-4848519.220000001,848512f1a6bf55f1
checkpoint_gen_150.pkl,150,75,52,9,33905.2666796875,2e4562875b2aee72
checkpoint_gen_150.pkl,150,76,65,9,-4848519.220000001,cc292022d0ac1015
checkpoint_gen_150.pkl,150,77,64,9,33905.2666796875,ffea8aaf37a44c16
checkpoint_gen_150.pkl,150,78,68,11,29199.14870239258,c8cb68b303c50bd8
checkpoint_gen_150.pkl,150,79,115,13,-5028027.837879028,7bd77791cf69aacd
checkpoint_gen_150.pkl,150,80,77,10,29199.14870239258,fbb0559a7e6273a6
checkpoint_gen_150.pkl,150,81,64,12,29199.14870239258,96d265a5b6ca1b6b
checkpoint_gen_150.pkl,150,82,49,9,-5495951.600000001,65b09a5220b6e565
checkpoint_gen_150.pkl,150,83,50,9,22588.76857543945,afdac3960fcf28fa
checkpoint_gen_150.pkl,150,84,48,9,29199.14870239258,f252bc3fe6afff08
checkpoint_gen_150.pkl,150,85,68,11,29199.14870239258,b7abe9dac78079bf
checkpoint_gen_150.pkl,150,86,75,11,22531.34717651367,680860c4c42ceff5
checkpoint_gen_150.pkl,150,87,125,12,37526.66447021485,71b4994de595e158
checkpoint_gen_150.pkl,150,88,111,12,35339.12447021484,da5af4b28bf242db
checkpoint_gen_150.pkl,150,89,56,13,22533.989788818355,930eaac55e94b88b
checkpoint_gen_150.pkl,150,90,68,9,-7137937.080438328,e8ad6fec7a5134eb
checkpoint_gen_150.pkl,150,91,60,9,-5007834.705549927,30392a8d42980dde
checkpoint_gen_150.pkl,150,92,80,10,-4344202.415290527,3410b2c167c4eb3d
checkpoint_gen_150.pkl,150,93,54,11,-5007834.705549927,3c8d82cc9b967516
checkpoint_gen_150.pkl,150,94,54,10,31507.91233764648,079423ff6895df26
checkpoint_gen_150.pkl,150,95,68,11,29199.14870239258,28d172b863a18099
checkpoint_gen_150.pkl,150,96,71,10,-5028027.837879028,9590c30084ac9773
checkpoint_gen_150.pkl,150,97,86,11,29199.14870239258,3abd14fa690f5fa5
checkpoint_gen_150.pkl,150,98,52,9,33905.2666796875,2e4562875b2aee72
checkpoint_gen_150.pkl,150,99,47,9,22531.34717651367,62f35976434e917f
checkpoint_gen_160.pkl,160,0,68,13,-285355.43830078124,941d29bd1d3371ea
checkpoint_gen_160.pkl,160,1,68,13,24312.334067382813,c1aa617af0136dc8
checkpoint_gen_160.pkl,160,2,66,11,27100.74128662109,96392db647a9df16
checkpoint_gen_160.pkl,160,3,10,4,-6084312.0,0f536bb1c0657f0a
checkpoint_gen_160.pkl,160,4,96,13,-5484278.9487445075,01ab7931128fb954
checkpoint_gen_160.pkl,160,5,68,13,24312.316440429688,600f042e2e18db2c
checkpoint_gen_160.pkl,160,6,68,13,24312.334067382813,c1aa617af0136dc8
checkpoint_gen_160.pkl,160,7,68,13,-1696645.9393548586,ac0c4deecd19c404
checkpoint_gen_160.pkl,160,8,56,13,-5500960.238766784,c91c3d3c33be5210
checkpoint_gen_160.pkl,160,9,80,13,-5322377.34,d8595f5c66df686d
checkpoint_gen_160.pkl,160,10,50,10,24087.74785400391,8ff114344c2fd117
checkpoint_gen_160.pkl,160,11,162,20,19953.935939941402,87a9c8f0b1de4104
checkpoint_gen_160.pkl,160,12,68,13,24312.334067382813,756dce01563af160
checkpoint_gen_160.pkl,160,13,68,13,24312.334067382813,c1aa617af0136dc8
checkpoint_gen_160.pkl,160,14,85,13,-5322377.34,66b74aea3bb42b91
checkpoint_gen_160.pkl,160,15,68,13,24312.334067382813,c1aa617af0136dc8
checkpoint_gen_160.pkl,160,16,68,13,23432.31043762207,8d759786ca727e37
checkpoint_gen_160.pkl,160,17,33,7,-8217004.0,ea09a8ffeb38b80f
checkpoint_gen_160.pkl,160,18,77,11,-5500960.238766784,6237fe55a9d892ad
checkpoint_gen_160.pkl,160,19,68,13,-408104.74411621096,6b567ba8026814b2
checkpoint_gen_160.pkl,160,20,68,13,19766.327849121095,bc9edfb7a7fae4be
checkpoint_gen_160.pkl,160,21,80,13,-5322377.34,6624dee8eca440d3
checkpoint_gen_160.pkl,160,22,45,8,22705.675093383787,d8cda0bf7b346326
checkpoint_gen_160.pkl,160,23,33,7,-284020.75724853517,150353401ec06f1c
checkpoint_gen_160.pkl,160,24,68,13,24312.334067382813,69c63c4f824000c1
checkpoint_gen_160.pkl,160,25,64,11,24312.334067382813,38ccf041c716338d
checkpoint_gen_160.pkl,160,26,92,13,-5484278.9487445075,6fe385664a96453b
checkpoint_gen_160.pkl,160,27,120,15,-290778.50987792964,b698dcfe774196d6
checkpoint_gen_160.pkl,160,28,68,13,24312.334067382813,48df8d706036ec6b
checkpoint_gen_160.pkl,160,29,66,11,27102.3049975586,fe83a77a2ef79ee2
checkpoint_gen_160.pkl,160,30,29,6,17766.547849121092,d5a7c91ea22eac31
checkpoint_gen_160.pkl,160,31,107,13,24312.334067382813,d66e9b30e17773cd
checkpoint_gen_160.pkl,160,32,68,13,27100.74128662109,3ee61088aef32e4d
checkpoint_gen_160.pkl,160,33,74,13,17766.547849121092,63744ffe4386c716
checkpoint_gen_160.pkl,160,34,66,11,23316.505579223634,2c237cdd3ebbb3a1
checkpoint_gen_160.pkl,160,35,99,10,17766.547849121092,0ce717a1c4264489
checkpoint_gen_160.pkl,160,36,66,11,24347.3855859375,273cad880c8323aa
checkpoint_gen_160.pkl,160,37,65,10,27100.74128662109,9eb9fc40f0fe110d
checkpoint_gen_160.pkl,160,38,136,13,-5438211.861293029,33560a93c0d74fa6
checkpoint_gen_160.pkl,160,39,67,13,-4575515.972093506,eaff8a5c604da713
checkpoint_gen_160.pkl,160,40,68,13,24312.334067382813,69c63c4f824000c1
checkpoint_gen_160.pkl,160,41,68,13,24312.334067382813,69c63c4f824000c1
checkpoint_gen_160.pkl,160,42,129,12,19953.935939941402,a4f94beec50b1543
checkpoint_gen_160.pkl,160,43,68,13,24312.334067382813,69c63c4f824000c1
checkpoint_gen_160.pkl,160,44,66,11,-5322377.34,ae070eebc81f18e9
checkpoint_gen_160.pkl,160,45,68,13,28943.854597167974,77b110c56d117229
checkpoint_gen_160.pkl,160,46,43,7,-3850263.4970129393,731bdfc4223100b8
checkpoint_gen_160.pkl,160,47,93,20,24312.334067382813,a41f68c437b6638c
checkpoint_gen_160.pkl,160,48,63,13,-3862798.0090631107,e30ec11571280db7
checkpoint_gen_160.pkl,160,49,78,13,24312.334067382813,0902402667151a6e
checkpoint_gen_160.pkl,160,50,68,13,24312.334067382813,8df61ef51d165da8
checkpoint_gen_160.pkl,160,51,71,13,-5500960.238766784,e8b20a89cb29bdec
checkpoint_gen_160.pkl,160,52,68,13,24312.334067382813,2a5e8fba0758e7ef
checkpoint_gen_160.pkl,160,53,68,13,24312.334067382813,c1aa617af0136dc8
checkpoint_gen_160.pkl,160,54,68,13,24312.334067382813,947fcea6a7a136c7
checkpoint_gen_160.pkl,160,55,68,13,24312.334067382813,c1aa617af0136dc8
checkpoint_gen_160.pkl,160,56,42,7,-4236785.045303956,5fa54d2057e3c101
checkpoint_gen_160.pkl,160,57,96,13,-2179646.616105957,3a3a716de7a2dd93
checkpoint_gen_160.pkl,160,58,76,14,24390.539782714844,c213ebfecdc6ea4b
checkpoint_gen_160.pkl,160,59,68,13,17973.965634765624,1b0bf0afc3a2f4f6
checkpoint_gen_160.pkl,160,60,68,13,-8211100.0,e418c57e79803bd6
checkpoint_gen_160.pkl,160,61,68,13,24312.334067382813,c1aa617af0136dc8
checkpoint_gen_160.pkl,160,62,43,7,-408464.0202001954,31db13357821ee28
checkpoint_gen_160.pkl,160,63,67,13,19917.45674560547,730fdc67231a2f68
checkpoint_gen_160.pkl,160,64,68,13,24312.334067382813,f1066dbd9b093eb5
checkpoint_gen_160.pkl,160,65,109,13,-8211100.0,b1ff5c09ba84ad2c
checkpoint_gen_160.pkl,160,66,73,13,-6649910.0,f1c06383797eafe6
checkpoint_gen_160.pkl,160,67,68,13,24312.334067382813,c1aa617af0136dc8
checkpoint_gen_160.pkl,160,68,68,13,-2940302.1224127198,e7b0edda8bb13df0
checkpoint_gen_160.pkl,160,69,68,13,24312.334067382813,756dce01563af160
checkpoint_gen_160.pkl,160,70,58,9,18083.81916748047,29cfee3c1bc770e0
checkpoint_gen_160.pkl,160,71,60,12,-2940301.6488177488,d537b1a18246a153
checkpoint_gen_160.pkl,160,72,68,13,-285355.43830078124,941d29bd1d3371ea
checkpoint_gen_160.pkl,160,73,77,13,-5322377.34,e093082f535e2182
checkpoint_gen_160.pkl,160,74,20,5,-3956420.951671143,6ae9a218b2d6b4d8
checkpoint_gen_160.pkl,160,75,116,15,24312.334067382813,71f1739da3fbd7d0
checkpoint_gen_160.pkl,160,76,127,12,19953.935939941402,09c9d5f0d03148f4
checkpoint_gen_160.pkl,160,77,121,14,26592.46116210937,a2711f1fadfa9fde
checkpoint_gen_160.pkl,160,78,68,13,26510.19292236328,0c0e82d69353f1fe
checkpoint_gen_160.pkl,160,79,68,13,24312.334067382813,756dce01563af160
checkpoint_gen_160.pkl,160,80,68,13,24312.334067382813,c1aa617af0136dc8
checkpoint_gen_160.pkl,160,81,68,13,27100.74128662109,bfec9a7e3d13c7d9
checkpoint_gen_160.pkl,160,82,68,13,26510.19292236328,ff4d90d87639373e
checkpoint_gen_160.pkl,160,83,108,13,26680.427580566407,261f00a00bf749eb
checkpoint_gen_160.pkl,160,84,68,13,-417610.7493164063,b21aa0904455330d
checkpoint_gen_160.pkl,160,85,68,13,-432591.7735815429,11af38d7360824a2
checkpoint_gen_160.pkl,160,86,28,6,-6084312.0,37420ea7b9178731
checkpoint_gen_160.pkl,160,87,47,7,-8213061.6,a84ed68062d40a4c
checkpoint_gen_160.pkl,160,88,59,10,20016.423337402346,d10e20c0f744dbd3
checkpoint_gen_160.pkl,160,89,45,7,17766.547849121092,27cca85bc55da311
checkpoint_gen_160.pkl,160,90,37,7,-8211100.0,d4d2dcb6638a143e
checkpoint_gen_160.pkl,160,91,103,14,24312.334067382813,587a332a291913ad
checkpoint_gen_160.pkl,160,92,68,13,24312.334067382813,c1aa617af0136dc8
checkpoint_gen_160.pkl,160,93,68,13,24314.108154296875,207c1f3b9f670757
checkpoint_gen_160.pkl,160,94,68,13,24347.3855859375,b37b9401b1a2e032
checkpoint_gen_160.pkl,160,95,68,13,24312.334067382813,c1aa617af0136dc8
checkpoint_gen_160.pkl,160,96,68,13,21767.076013183592,c237866ea1cd2f5a
checkpoint_gen_160.pkl,160,97,68,13,24312.334067382813,69c63c4f824000c1
checkpoint_gen_160.pkl,160,98,66,11,24312.334067382813,b7c0396755585d77
checkpoint_gen_160.pkl,160,99,66,11,-5322377.34,04b6417a9013f9b2
checkpoint_gen_170.pkl,170,0,63,10,13390.907166137695,a3d00a4f9b732cf8
checkpoint_gen_170.pkl,170,1,63,10,13391.826614379883,7f9e927339cdcf5a
checkpoint_gen_170.pkl,170,2,40,7,27099.140850830077,96343ce2ea4fd701
checkpoint_gen_170.pkl,170,3,44,7,21776.048719482424,3cc16255b2b522b6
checkpoint_gen_170.pkl,170,4,63,10,21722.729146728514,e41f87088389a879
checkpoint_gen_170.pkl,170,5,17,4,-4781622.818159791,a6d157d8c18e68ce
checkpoint_gen_170.pkl,170,6,63,10,21722.729146728514,cc8553a185e0f7ee
checkpoint_gen_170.pkl,170,7,57,10,19886.13835144043,d0530a7069044e17
checkpoint_gen_170.pkl,170,8,70,10,9701.57657775879,e786bfb5bf9aed4c
checkpoint_gen_170.pkl,170,9,63,10,19722.66914489746,bbed53a8b8afe582
checkpoint_gen_170.pkl,170,10,43,7,31735.493919067387,d097bee17a73aa55
checkpoint_gen_170.pkl,170,11,106,11,21722.729146728514,22daf1321d56d933
checkpoint_gen_170.pkl,170,12,44,7,15681.652365722655,e9b954d0cf6c0866
checkpoint_gen_170.pkl,170,13,40,7,29735.69391906738,2edc630b948c443f
checkpoint_gen_170.pkl,170,14,76,12,31931.413740844728,b04e564d1a40655c
checkpoint_gen_170.pkl,170,15,50,8,34292.98695373536,0035ab9d60fca48d
checkpoint_gen_170.pkl,170,16,63,10,-8223004.0,b8aebb7fe4dccae1
checkpoint_gen_170.pkl,170,17,63,10,-833951.7251989746,24385a092f34f22f
checkpoint_gen_170.pkl,170,18,63,10,21722.729146728514,e41f87088389a879
checkpoint_gen_170.pkl,170,19,63,10,21722.729146728514,e41f87088389a879
checkpoint_gen_170.pkl,170,20,63,10,-4947268.825825195,78153b667d1fada6
checkpoint_gen_170.pkl,170,21,69,10,-5066922.327612305,482390dbf2fee0c8
checkpoint_gen_170.pkl,170,22,63,10,-833951.7251989746,3d24ba096f649907
checkpoint_gen_170.pkl,170,23,63,10,-5066922.327612305,fafa09f856551800
checkpoint_gen_170.pkl,170,24,63,10,21722.729146728514,5c341a7de609aeb9
checkpoint_gen_170.pkl,170,25,63,10,21722.729146728514,a8eb18013560ec36
checkpoint_gen_170.pkl,170,26,63,10,13390.907166137695,a3d00a4f9b732cf8
checkpoint_gen_170.pkl,170,27,144,10,13718.532073364258,8a65d26115810456
checkpoint_gen_170.pkl,170,28,40,7,27099.140850830077,96343ce2ea4fd701
checkpoint_gen_170.pkl,170,29,33,7,19994.686457519536,c111547021479b3e
checkpoint_gen_170.pkl,170,30,63,10,21465.266248779295,d1d583f2578c412e
checkpoint_gen_170.pkl,170,31,63,10,21722.729146728514,e41f87088389a879
checkpoint_gen_170.pkl,170,32,63,10,21722.729146728514,8995f5877046ae9b
checkpoint_gen_170.pkl,170,33,40,7,27099.140850830077,96343ce2ea4fd701
checkpoint_gen_170.pkl,170,34,63,10,21722.729146728514,3cf3e73124c0725a
checkpoint_gen_170.pkl,170,35,43,7,35961.61914855956,ff3f4981c0b47c93
checkpoint_gen_170.pkl,170,36,42,7,-8223004.0,32137dd07fb2350f
checkpoint_gen_170.pkl,170,37,63,10,13390.907166137695,bc7de54105a1b475
checkpoint_gen_170.pkl,170,38,57,10,19886.13835144043,52e81e95fd6cae4f
checkpoint_gen_170.pkl,170,39,63,10,21722.729146728514,e41f87088389a879
checkpoint_gen_170.pkl,170,40,63,10,13390.907166137695,205f447d057218d6
checkpoint_gen_170.pkl,170,41,126,13,-6482222.8424829105,716d76501f45d74c
checkpoint_gen_170.pkl,170,42,63,10,-692846.757374878,0175db64151d82ea
checkpoint_gen_170.pkl,170,43,59,10,25420.39797363281,8e05988d373879e9
checkpoint_gen_170.pkl,170,44,63,10,21722.729146728514,e41f87088389a879
checkpoint_gen_170.pkl,170,45,63,10,13390.907166137695,205f447d057218d6
checkpoint_gen_170.pkl,170,46,77,10,17886.07835144043,c7199d979565bbfa
checkpoint_gen_170.pkl,170,47,40,7,27099.140850830077,96343ce2ea4fd701
checkpoint_gen_170.pkl,170,48,56,9,-8223004.0,9ebf926fb4f81401
checkpoint_gen_170.pkl,170,49,63,10,9702.37075378418,9a7b1679cc9d1913
checkpoint_gen_170.pkl,170,50,63,10,21722.729146728514,e41f87088389a879
checkpoint_gen_170.pkl,170,51,63,10,21722.729146728514,e41f87088389a879
checkpoint_gen_170.pkl,170,52,63,10,23943.982027587892,961d879a32e17f20
checkpoint_gen_170.pkl,170,53,63,10,21722.729146728514,e41f87088389a879
checkpoint_gen_170.pkl,170,54,63,10,19621.409146728514,2e988dbf36bdab9a
checkpoint_gen_170.pkl,170,55,63,10,21722.729146728514,e41f87088389a879
checkpoint_gen_170.pkl,170,56,62,10,-2683215.410412598,8e778ef10d639828
checkpoint_gen_170.pkl,170,57,111,11,13390.907166137695,2f013434d47e6b2d
checkpoint_gen_170.pkl,170,58,59,10,25342.26719238281,74022d101806460b
checkpoint_gen_170.pkl,170,59,63,10,19440.323721313474,676ce538bc1a690b
checkpoint_gen_170.pkl,170,60,63,10,13390.907166137695,205f447d057218d6
checkpoint_gen_170.pkl,170,61,67,10,-5066922.327612305,280cb7b778dc5675
checkpoint_gen_170.pkl,170,62,63,10,21465.498783569336,9479b01322a523be
checkpoint_gen_170.pkl,170,63,63,10,21722.729146728514,dfc1014883883b2d
checkpoint_gen_170.pkl,170,64,63,10,17643.452277221677,02e05ac65139422b
checkpoint_gen_170.pkl,170,65,63,10,-5066922.327612305,6b10bdf5fa761dc1
checkpoint_gen_170.pkl,170,66,63,10,21722.729146728514,a446300a95084578
checkpoint_gen_170.pkl,170,67,63,10,13390.907166137695,205f447d057218d6
checkpoint_gen_170.pkl,170,68,63,10,11157.044720458984,01116e45d7c44d48
checkpoint_gen_170.pkl,170,69,108,10,-4781622.818159791,5df45369dbf4fce4
checkpoint_gen_170.pkl,170,70,63,10,17886.07835144043,63dc0f1a8b076ad3
checkpoint_gen_170.pkl,170,71,142,10,-2156068.0238000485,101d5e4378dd9f39
checkpoint_gen_170.pkl,170,72,63,10,21722.729146728514,e41f87088389a879
checkpoint_gen_170.pkl,170,73,63,10,11156.824720458982,1efd2998217d9a40
checkpoint_gen_170.pkl,170,74,71,12,11157.259410400391,bc2c4198fe3c3af3
checkpoint_gen_170.pkl,170,75,63,10,21722.729146728514,a446300a95084578
checkpoint_gen_170.pkl,170,76,4,2,-7700226.0,8cf38aed03ec6f30
checkpoint_gen_170.pkl,170,77,63,10,21931.815001831055,9427e87e28e0357c
checkpoint_gen_170.pkl,170,78,29,6,-4781622.818159791,33ab18647101bf47
checkpoint_gen_170.pkl,170,79,69,11,-4382884.267052001,abb72f187fd99761
checkpoint_gen_170.pkl,170,80,75,11,21987.69835144043,4c1f300f80c802f6
checkpoint_gen_170.pkl,170,81,63,10,13390.907166137695,205f447d057218d6
checkpoint_gen_170.pkl,170,82,30,7,-4781622.818159791,9cd71c44b0b60d2e
checkpoint_gen_170.pkl,170,83,63,10,19994.846457519532,dcdad468bab04cfb
checkpoint_gen_170.pkl,170,84,110,10,21729.21033569336,84718796e48a5b7d
checkpoint_gen_170.pkl,170,85,63,10,13390.687166137694,ddd067f1e4133b40
checkpoint_gen_170.pkl,170,86,74,10,-5064050.287612304,5dc4ef75553d0b08
checkpoint_gen_170.pkl,170,87,99,10,-5066922.327612305,1b5d978f0c68b6e2
checkpoint_gen_170.pkl,170,88,63,10,21722.729146728514,e41f87088389a879
checkpoint_gen_170.pkl,170,89,63,10,19621.409146728514,2e988dbf36bdab9a
checkpoint_gen_170.pkl,170,90,62,10,23931.855001831056,1331ba72d7733cb2
checkpoint_gen_170.pkl,170,91,21,7,-4781622.818159791,d28db5022e9bded7
checkpoint_gen_170.pkl,170,92,40,7,20108.84074157715,8fd52047966d9421
checkpoint_gen_170.pkl,170,93,63,10,21465.266248779295,0453637d7529070e
checkpoint_gen_170.pkl,170,94,118,10,-5066922.327612305,5a88f6320de39ab2
checkpoint_gen_170.pkl,170,95,40,7,13718.532073364258,401755ef9787938f
checkpoint_gen_170.pkl,170,96,51,10,-5066922.327612305,3121976eea09027f
checkpoint_gen_170.pkl,170,97,63,10,19621.409146728514,2e988dbf36bdab9a
checkpoint_gen_170.pkl,170,98,32,7,-7700226.0,0b017a41d1b8796d
checkpoint_gen_170.pkl,170,99,63,10,21722.729146728514,d17e7c651674ecae
checkpoint_gen_180.pkl,180,0,42,7,19864.090499267582,b844e97956175ca4
checkpoint_gen_180.pkl,180,1,55,8,14431.9037890625,ccebdd2de82389a0
checkpoint_gen_180.pkl,180,2,38,7,16851.01852050781,f044ea79fdb2c616
checkpoint_gen_180.pkl,180,3,47,7,-5551344.0,bc889008767e33f7
checkpoint_gen_180.pkl,180,4,43,7,23809.260242919918,98f2d01c3aa8597d
checkpoint_gen_180.pkl,180,5,43,7,23853.254873046873,de369fafdfbba5ba
checkpoint_gen_180.pkl,180,6,33,7,23582.99598632813,e885f29e2d6747e2
checkpoint_gen_180.pkl,180,7,64,8,25097.051326904297,2aab252e4a29b6f2
checkpoint_gen_180.pkl,180,8,42,7,14495.675239257811,c536f6064c252d18
checkpoint_gen_180.pkl,180,9,43,7,16199.398997802735,e6a86a6595ac06b6
checkpoint_gen_180.pkl,180,10,43,7,23809.260242919918,98f2d01c3aa8597d
checkpoint_gen_180.pkl,180,11,43,7,-8209100.0,c8cfcf4392c5ed7c
checkpoint_gen_180.pkl,180,12,43,7,23582.99598632813,de28dff7f5a1b034
checkpoint_gen_180.pkl,180,13,43,7,-4555065.166384888,9b1659d7101c892e
checkpoint_gen_180.pkl,180,14,43,7,23582.99598632813,bf1a2bcd39919b62
checkpoint_gen_180.pkl,180,15,87,10,29059.032203369145,30fc49bd52b3e15d
checkpoint_gen_180.pkl,180,16,52,8,17512.31103515625,88af1d8e221b81b4
checkpoint_gen_180.pkl,180,17,42,7,19281.434219970703,da0ce65950785e40
checkpoint_gen_180.pkl,180,18,42,7,17212.065078125,063c72124173b1b1
checkpoint_gen_180.pkl,180,19,42,7,-4552230.397807007,768b7d5e7b406d1b
checkpoint_gen_180.pkl,180,20,40,7,16851.01852050781,e9757a75f92525c6
checkpoint_gen_180.pkl,180,21,43,7,25781.14625732422,0059bf9c45c2e2bf
checkpoint_gen_180.pkl,180,22,39,7,-2850548.57456665,055c0cee0ff17e57
checkpoint_gen_180.pkl,180,23,47,7,-3551812.186949463,3d39b21144cc802d
checkpoint_gen_180.pkl,180,24,43,7,23853.254873046873,de369fafdfbba5ba
checkpoint_gen_180.pkl,180,25,55,8,19864.090499267582,2f1644b46ffac7b9
checkpoint_gen_180.pkl,180,26,33,7,-3558659.2787707513,d81ecab6351d04b1
checkpoint_gen_180.pkl,180,27,128,12,-5002657.09358673,6d5d16a775324538
checkpoint_gen_180.pkl,180,28,20,5,-4648511.379799195,6ae9a218b2d6b4d8
checkpoint_gen_180.pkl,180,29,65,9,17512.909682617188,7f38ecd4badb36de
checkpoint_gen_180.pkl,180,30,46,7,-4826376.53437561,ab2c2134d7cd0cf4
checkpoint_gen_180.pkl,180,31,42,7,-2398144.4201586912,0afc1dc8ee6a30b7
checkpoint_gen_180.pkl,180,32,42,7,-4826376.53437561,b03076f451a6cb88
checkpoint_gen_180.pkl,180,33,54,7,-4555065.166384888,f0cabd1ac768c6d1
checkpoint_gen_180.pkl,180,34,43,7,-8209100.0,f4ce2a557d16ef76
checkpoint_gen_180.pkl,180,35,43,7,-5524037.143539429,e3b3e3f04b8fe91c
checkpoint_gen_180.pkl,180,36,42,7,19864.090499267582,b844e97956175ca4
checkpoint_gen_180.pkl,180,37,43,7,14498.274077148439,11203f77c897e4b6
checkpoint_gen_180.pkl,180,38,43,7,9978.540344238281,ab6546b41bc386a1
checkpoint_gen_180.pkl,180,39,43,7,-3756684.726330566,c198260aa985bf52
checkpoint_gen_180.pkl,180,40,43,7,23853.254873046873,de369fafdfbba5ba
checkpoint_gen_180.pkl,180,41,33,7,-3558659.2787707513,b7f8463d7f3c347a
checkpoint_gen_180.pkl,180,42,33,7,23582.99598632813,714f8e9147d2731a
checkpoint_gen_180.pkl,180,43,43,7,25781.14625732422,8ab7c0382383ce5c
checkpoint_gen_180.pkl,180,44,32,5,-3771065.9966827394,d546fd8f877dc950
checkpoint_gen_180.pkl,180,45,46,7,-4555065.166384888,1384c6393e3e2776
checkpoint_gen_180.pkl,180,46,33,7,23582.99598632813,e885f29e2d6747e2
checkpoint_gen_180.pkl,180,47,43,7,23809.28024291992,38f507a54cf057c4
checkpoint_gen_180.pkl,180,48,43,7,23853.254873046873,de369fafdfbba5ba
checkpoint_gen_180.pkl,180,49,77,12,21513.803635253906,da3d398317cbdd9a
checkpoint_gen_180.pkl,180,50,53,7,-3580338.0990032954,c123c9bb248a4eef
checkpoint_gen_180.pkl,180,51,42,7,24370.81080200195,79b7db67dd292b89
checkpoint_gen_180.pkl,180,52,43,7,25097.051326904297,c02a8a9e9c9eadff
checkpoint_gen_180.pkl,180,53,42,7,-5551344.0,c5fe6fb22dac282c
checkpoint_gen_180.pkl,180,54,87,11,23956.179381103517,d1f3f81a45fd8a24
checkpoint_gen_180.pkl,180,55,81,10,25097.051326904297,4dc2b812ee484c12
checkpoint_gen_180.pkl,180,56,43,7,21852.594873046874,03eef222f36c6362
checkpoint_gen_180.pkl,180,57,31,6,-5551344.0,14e284be46120363
checkpoint_gen_180.pkl,180,58,23,4,-5551344.0,d4cfe5e8bec30794
checkpoint_gen_180.pkl,180,59,43,7,-4843697.101170043,6131cb913d49540d
checkpoint_gen_180.pkl,180,60,46,7,-3558659.2787707513,f18828f4f6ea206d
checkpoint_gen_180.pkl,180,61,42,7,19864.090499267582,b844e97956175ca4
checkpoint_gen_180.pkl,180,62,39,7,13278.608548583983,1de3ce02cca7d079
checkpoint_gen_180.pkl,180,63,43,7,21852.594873046874,fece880278d855db
checkpoint_gen_180.pkl,180,64,43,7,-4552230.397807007,a4fd2322ed281aa9
checkpoint_gen_180.pkl,180,65,49,7,21888.967758789066,424f3959a0d154fb
checkpoint_gen_180.pkl,180,66,146,13,-4855805.1,f96c26806b348827
checkpoint_gen_180.pkl,180,67,43,7,23853.254873046873,de369fafdfbba5ba
checkpoint_gen_180.pkl,180,68,43,7,-8209100.0,983715d63c40314c
checkpoint_gen_180.pkl,180,69,4,2,-3558659.2787707513,446adf5479352a3b
checkpoint_gen_180.pkl,180,70,42,7,-5002657.09358673,a10c43fc1e168e43
checkpoint_gen_180.pkl,180,71,42,7,27859.97996826172,9d199790b6750419
checkpoint_gen_180.pkl,180,72,44,7,-4033874.6357104494,dbb31efac41871f2
checkpoint_gen_180.pkl,180,73,38,7,16752.230721435546,1d987ace946393b6
checkpoint_gen_180.pkl,180,74,43,7,-5002657.09358673,b29316aef724348f
checkpoint_gen_180.pkl,180,75,43,7,-8215004.0,f8668f5f988bc26f
checkpoint_gen_180.pkl,180,76,51,5,-5366396.699999999,1bca2db2d62fd173
checkpoint_gen_180.pkl,180,77,43,7,-3909290.2135119634,0a4e58758fc9bcee
checkpoint_gen_180.pkl,180,78,42,7,19864.090499267582,3ce50856e558b8f7
checkpoint_gen_180.pkl,180,79,43,7,12435.926555175782,b1134325a6222be7
checkpoint_gen_180.pkl,180,80,42,7,23582.99598632813,7127aa5c71e648ce
checkpoint_gen_180.pkl,180,81,47,7,-5551344.0,0a4c8e79e44b4fa2
checkpoint_gen_180.pkl,180,82,82,8,-8215100.0,970da009516de2a8
checkpoint_gen_180.pkl,180,83,43,7,-4552230.397807007,a4fd2322ed281aa9
checkpoint_gen_180.pkl,180,84,43,7,-4555065.166384888,9b1659d7101c892e
checkpoint_gen_180.pkl,180,85,43,7,-2946535.657592163,abf09c88d95c616b
checkpoint_gen_180.pkl,180,86,42,7,16929.504121093752,af2dfb5fcbad20fe
checkpoint_gen_180.pkl,180,87,43,7,17512.19103515625,87ed7ae49b1388e4
checkpoint_gen_180.pkl,180,88,43,7,12720.060905761718,c8990fbed84c9c9a
checkpoint_gen_180.pkl,180,89,43,7,23853.254873046873,de369fafdfbba5ba
checkpoint_gen_180.pkl,180,90,43,7,21852.594873046874,03eef222f36c6362
checkpoint_gen_180.pkl,180,91,39,7,-5002657.09358673,2df1fe6c2a7df94e
checkpoint_gen_180.pkl,180,92,53,8,-5551344.0,6b10e64b992c48e5
checkpoint_gen_180.pkl,180,93,42,7,19864.090499267582,b844e97956175ca4
checkpoint_gen_180.pkl,180,94,43,7,25781.14625732422,0059bf9c45c2e2bf
checkpoint_gen_180.pkl,180,95,46,8,-5551344.0,d5d27f76932cb824
checkpoint_gen_180.pkl,180,96,43,7,-8215004.0,a020faf7c249ee64
checkpoint_gen_180.pkl,180,97,43,7,-5002657.09358673,f8e9fc5a208f6503
checkpoint_gen_180.pkl,180,98,48,8,23582.99598632813,4cfe6504584d7298
checkpoint_gen_180.pkl,180,99,42,7,-8215004.0,1b0a72cdbf2f025f
checkpoint_gen_190.pkl,190,0,43,7,20120.731514892577,06d890ab7e86a4aa
checkpoint_gen_190.pkl,190,1,43,7,20340.649337158207,0093b373c8b6cb86
checkpoint_gen_190.pkl,190,2,43,7,11089.085080566407,d55680a08b3e71d5
checkpoint_gen_190.pkl,190,3,72,11,-138385.66321777343,374f31cb0504557b
checkpoint_gen_190.pkl,190,4,84,11,18249.807030029297,56de88e8a323a200
checkpoint_gen_190.pkl,190,5,77,11,17631.628635253906,9cf00a66a02ae5fb
checkpoint_gen_190.pkl,190,6,20,5,-3304949.422106934,6ae9a218b2d6b4d8
checkpoint_gen_190.pkl,190,7,66,9,28438.629625244143,27d844a0fe9b0417
checkpoint_gen_190.pkl,190,8,43,7,-3303143.3821069337,cf618eb9dc6f0d77
checkpoint_gen_190.pkl,190,9,43,7,-4214916.814830323,2b65558d48d94a78
checkpoint_gen_190.pkl,190,10,44,6,-4214916.814830323,c4edfa5770209375
checkpoint_gen_190.pkl,190,11,55,7,-3304949.422106934,732c0a7013ebac32
checkpoint_gen_190.pkl,190,12,39,7,-4214916.814830323,0fb8ef96f34f5770
checkpoint_gen_190.pkl,190,13,56,7,-6105912.0,be9946c7ac27b9cb
checkpoint_gen_190.pkl,190,14,33,7,16093.856756591797,25ff119aa7ef4f1a
checkpoint_gen_190.pkl,190,15,42,7,25952.514020996095,aa97eb4148f051cd
checkpoint_gen_190.pkl,190,16,40,7,-4214916.814830323,e9a3a93e7c5cfbdb
checkpoint_gen_190.pkl,190,17,43,7,20120.731514892577,06d890ab7e86a4aa
checkpoint_gen_190.pkl,190,18,43,7,-4214916.814830323,43f9a540b2493f29
checkpoint_gen_190.pkl,190,19,43,7,-4214916.814830323,29ce4ac9de9a2cbd
checkpoint_gen_190.pkl,190,20,43,7,18367.10725341797,5c4b32504ad293a0
checkpoint_gen_190.pkl,190,21,100,11,18249.807030029297,1655faa31393349d
checkpoint_gen_190.pkl,190,22,34,6,-3304949.422106934,99051d000524c803
checkpoint_gen_190.pkl,190,23,57,8,-4214916.814830323,aa0c2d52e33ce11f
checkpoint_gen_190.pkl,190,24,45,7,20369.600716552734,8e64a9f7208820e4
checkpoint_gen_190.pkl,190,25,41,7,-4214916.814830323,b429ff4c892baccd
checkpoint_gen_190.pkl,190,26,43,7,-4214916.814830323,29ce4ac9de9a2cbd
checkpoint_gen_190.pkl,190,27,59,12,-4214916.814830323,92470e81a6034943
checkpoint_gen_190.pkl,190,28,57,8,-8214855.614770507,f394c3f52f206af6
checkpoint_gen_190.pkl,190,29,29,6,-8215004.0,19d9af9c4f76d7b0
checkpoint_gen_190.pkl,190,30,43,7,-4214916.814830323,2c54f8e2e7eec444
checkpoint_gen_190.pkl,190,31,26,6,-6105912.0,c1e5fb16cee6445a
checkpoint_gen_190.pkl,190,32,43,7,-4214916.814830323,45026043b6069c7d
checkpoint_gen_190.pkl,190,33,43,7,20120.731514892577,06d890ab7e86a4aa
checkpoint_gen_190.pkl,190,34,43,7,-4214916.814830323,43f9a540b2493f29
checkpoint_gen_190.pkl,190,35,65,11,-5902068.699999999,85042e2824d011dc
checkpoint_gen_190.pkl,190,36,44,7,16093.856756591797,2636ebb3c79c1aa9
checkpoint_gen_190.pkl,190,37,43,7,18002.80116333008,1ba472fbcd4a8bc3
checkpoint_gen_190.pkl,190,38,43,7,20120.731514892577,06d890ab7e86a4aa
checkpoint_gen_190.pkl,190,39,75,11,-4502216.456655273,52765c91577b28ef
checkpoint_gen_190.pkl,190,40,43,7,-4214916.814830323,ff2bb1b31182fdba
checkpoint_gen_190.pkl,190,41,93,10,-4507897.551019287,c836750c6f173783
checkpoint_gen_190.pkl,190,42,56,8,-4214916.814830323,3f6346e6e462320c
checkpoint_gen_190.pkl,190,43,43,7,18000.427700195312,b44adb802f95ada0
checkpoint_gen_190.pkl,190,44,43,7,18249.807030029297,457a88d19f5614f3
checkpoint_gen_190.pkl,190,45,45,8,20178.468385009764,4d45bd92239d33e4
checkpoint_gen_190.pkl,190,46,33,7,16026.90483520508,42a24c6fb030ded9
checkpoint_gen_190.pkl,190,47,43,7,18002.80116333008,c734a3b37dd6d203
checkpoint_gen_190.pkl,190,48,86,12,13991.945146484377,a37fe3799708d0c4
checkpoint_gen_190.pkl,190,49,43,7,18002.80116333008,c734a3b37dd6d203
checkpoint_gen_190.pkl,190,50,101,11,18118.277310791018,e72280e596357529
checkpoint_gen_190.pkl,190,51,43,7,-3304949.422106934,106ea69e666536c5
checkpoint_gen_190.pkl,190,52,43,7,13453.893204345703,b8f36425edd4a4f6
checkpoint_gen_190.pkl,190,53,43,7,18002.80116333008,c734a3b37dd6d203
checkpoint_gen_190.pkl,190,54,43,7,18002.80116333008,51689987fae59dc8
checkpoint_gen_190.pkl,190,55,69,11,15455.834257812498,b5e3e940e2bab62f
checkpoint_gen_190.pkl,190,56,28,7,-4214916.814830323,051188478103e175
checkpoint_gen_190.pkl,190,57,43,7,18002.80116333008,c734a3b37dd6d203
checkpoint_gen_190.pkl,190,58,43,7,18002.80116333008,c734a3b37dd6d203
checkpoint_gen_190.pkl,190,59,46,7,-4088474.618927002,088b313ce2ca17fc
checkpoint_gen_190.pkl,190,60,77,11,17631.628635253906,be801d0541da662f
checkpoint_gen_190.pkl,190,61,43,7,20120.731514892577,06d890ab7e86a4aa
checkpoint_gen_190.pkl,190,62,104,11,-3367703.8568762206,f67560f57f3e6742
checkpoint_gen_190.pkl,190,63,52,8,18002.80116333008,44a69ebf69b63ee0
checkpoint_gen_190.pkl,190,64,43,7,13846.157923583985,b3eac4cd1dc4c400
checkpoint_gen_190.pkl,190,65,62,12,-4214916.814830323,3f247a0e2929267a
checkpoint_gen_190.pkl,190,66,43,7,17987.962738037113,82bb38eac4a6b54f
checkpoint_gen_190.pkl,190,67,43,7,18011.908719482424,1976594f6a91fe01
checkpoint_gen_190.pkl,190,68,43,7,-4212306.634822997,57a15314678c536b
checkpoint_gen_190.pkl,190,69,43,7,-8214855.614770507,5f58dedbd54725fe
checkpoint_gen_190.pkl,190,70,77,11,-5502717.810179749,3a6ef8cd26360a58
checkpoint_gen_190.pkl,190,71,43,7,16975.447984619143,108adec7618715c5
checkpoint_gen_190.pkl,190,72,119,10,18002.80116333008,e0afb8955bef5b91
checkpoint_gen_190.pkl,190,73,43,7,16093.876756591795,7542196901e5559c
checkpoint_gen_190.pkl,190,74,43,7,20120.731514892577,804144b840c211ad
checkpoint_gen_190.pkl,190,75,43,7,18002.80116333008,c734a3b37dd6d203
checkpoint_gen_190.pkl,190,76,44,9,-4214916.814830323,6a322731631cc7f6
checkpoint_gen_190.pkl,190,77,43,7,20120.731514892577,06d890ab7e86a4aa
checkpoint_gen_190.pkl,190,78,43,7,-3304949.422106934,25fe70d5cfdc3714
checkpoint_gen_190.pkl,190,79,59,7,-2835459.9899499514,9a4d9ca991894a0a
checkpoint_gen_190.pkl,190,80,63,13,18367.10725341797,a42078509c8a40e9
checkpoint_gen_190.pkl,190,81,43,7,16093.876756591795,dccb1c8ae91bf9c7
checkpoint_gen_190.pkl,190,82,55,9,-4214916.814830323,6c4e1e277c163d27
checkpoint_gen_190.pkl,190,83,43,7,17567.906275634767,ddb4cb9bdb3cc89d
checkpoint_gen_190.pkl,190,84,52,8,18118.277310791018,2ab7cb34b5a16671
checkpoint_gen_190.pkl,190,85,43,7,13478.69862182617,c364db3fdd4108e0
checkpoint_gen_190.pkl,190,86,43,7,-3304949.422106934,bc7a04cdc2c2848d
checkpoint_gen_190.pkl,190,87,43,7,20180.969860839843,2189fd47675d53dd
checkpoint_gen_190.pkl,190,88,43,7,-3304949.422106934,9eeaf6122b004c3f
checkpoint_gen_190.pkl,190,89,47,7,-4214916.814830323,7f9c2a1235141ecf
checkpoint_gen_190.pkl,190,90,43,7,17371.734184570312,cf4d3cf90508d0a0
checkpoint_gen_190.pkl,190,91,43,7,18002.80116333008,c734a3b37dd6d203
checkpoint_gen_190.pkl,190,92,57,8,20120.77151489258,fe2bebc7f540aff0
checkpoint_gen_190.pkl,190,93,39,8,-5502717.810179749,95857e39906dc33c
checkpoint_gen_190.pkl,190,94,84,7,-8217004.0,a4610e8c8a769a68
checkpoint_gen_190.pkl,190,95,43,7,-4214916.814830323,fb46058364c7d0dd
checkpoint_gen_190.pkl,190,96,66,9,17987.962738037113,cc27cc3323427e28
checkpoint_gen_190.pkl,190,97,20,5,-5633420.699999999,414f728b41d7be49
checkpoint_gen_190.pkl,190,98,43,7,18002.80116333008,1f9643c649ed749c
checkpoint_gen_190.pkl,190,99,43,7,-238774.12549316403,d5c762bc9e4307f7
checkpoint_gen_200.pkl,200,0,109,12,32511.423306884768,78df32d78e35ae6a
checkpoint_gen_200.pkl,200,1,131,12,30456.02642211914,abb4c8e912617465
checkpoint_gen_200.pkl,200,2,131,12,30456.02642211914,47b997dc345dcdb6
checkpoint_gen_200.pkl,200,3,131,12,30414.423109130857,97e2c2c7eb14fec3
checkpoint_gen_200.pkl,200,4,131,12,30503.25272094727,dcd790f43dbba8c8
checkpoint_gen_200.pkl,200,5,57,8,34651.80190063476,1c5ab7787f21736e
checkpoint_gen_200.pkl,200,6,131,12,30456.02642211914,73a5b9755457f93e
checkpoint_gen_200.pkl,200,7,129,13,32511.423306884768,d3a1fa21611ce9a7
checkpoint_gen_200.pkl,200,8,132,12,30564.701075439447,aa634cd7166bed22
checkpoint_gen_200.pkl,200,9,137,12,21758.29951293945,d4bbf2560365049f
checkpoint_gen_200.pkl,200,10,109,12,-8221100.0,750d051403adad62
checkpoint_gen_200.pkl,200,11,131,12,-2885691.7561596683,a17d3cbe48e95a33
checkpoint_gen_200.pkl,200,12,131,12,30456.02642211914,818c7e60f22fc92a
checkpoint_gen_200.pkl,200,13,139,12,30213.359888916013,b56280ce00c12fe2
checkpoint_gen_200.pkl,200,14,143,13,30456.02642211914,bc61a362128b8f7e
checkpoint_gen_200.pkl,200,15,99,12,34651.80190063476,701b93ca6a23a41a
checkpoint_gen_200.pkl,200,16,152,15,-3425017.4467456057,42efbe25f72ae0d7
checkpoint_gen_200.pkl,200,17,108,10,-3261368.214719238,50f96f7405ca0a0f
checkpoint_gen_200.pkl,200,18,135,12,30456.02642211914,742375ab6a9a102f
checkpoint_gen_200.pkl,200,19,8,3,-7141284.0,79ca39a6f78935ad
checkpoint_gen_200.pkl,200,20,114,12,32511.423306884768,5dbb3bce4feb272f
checkpoint_gen_200.pkl,200,21,128,12,-3258439.7411059574,c6fb3c7ec556c571
checkpoint_gen_200.pkl,200,22,109,12,32511.423306884768,78df32d78e35ae6a
checkpoint_gen_200.pkl,200,23,131,12,30456.02642211914,47b997dc345dcdb6
checkpoint_gen_200.pkl,200,24,186,13,-3261368.214719238,f214ba4ddd8affdf
checkpoint_gen_200.pkl,200,25,119,13,34651.80190063476,d2ca6c165b40e750
checkpoint_gen_200.pkl,200,26,131,12,30456.02642211914,47b997dc345dcdb6
checkpoint_gen_200.pkl,200,27,53,8,30427.553682861333,d866ec2c512254d1
checkpoint_gen_200.pkl,200,28,155,12,36510.34302368164,8cbfbf3200d2ee50
checkpoint_gen_200.pkl,200,29,125,12,30456.02642211914,d158226b66ee327c
checkpoint_gen_200.pkl,200,30,129,13,32511.423306884768,d3a1fa21611ce9a7
checkpoint_gen_200.pkl,200,31,109,12,32511.423306884768,78df32d78e35ae6a
checkpoint_gen_200.pkl,200,32,131,12,30511.643306884762,83ba2dc8bdac016c
checkpoint_gen_200.pkl,200,33,131,12,21758.199512939453,dbff67bf8b2ea512
checkpoint_gen_200.pkl,200,34,133,12,30456.02642211914,609f81a09fd34ba6
checkpoint_gen_200.pkl,200,35,149,13,32385.843531494138,cb665f84db0649b8
checkpoint_gen_200.pkl,200,36,109,12,32511.423306884768,f90a86d0336406d7
checkpoint_gen_200.pkl,200,37,131,12,30456.02642211914,8a0337bac66a6da7
checkpoint_gen_200.pkl,200,38,131,12,30456.02642211914,34a12e4234c6e7ae
checkpoint_gen_200.pkl,200,39,109,12,32511.423306884768,78df32d78e35ae6a
checkpoint_gen_200.pkl,200,40,131,12,30456.02642211914,735cccd15753c3c9
checkpoint_gen_200.pkl,200,41,137,12,24046.01549316406,33f8c7162d8c243c
checkpoint_gen_200.pkl,200,42,129,13,-8221004.0,6dd254da7ebf7ec1
checkpoint_gen_200.pkl,200,43,131,12,30456.02642211914,7bd04921411165dd
checkpoint_gen_200.pkl,200,44,131,12,30456.02642211914,3636db82dced559d
checkpoint_gen_200.pkl,200,45,131,12,30455.06294555664,f0d93f00cf587ec6
checkpoint_gen_200.pkl,200,46,103,14,-3430782.496464844,def4d0dec8706fcf
checkpoint_gen_200.pkl,200,47,131,12,14262.221270751954,99710ebb70733ad3
checkpoint_gen_200.pkl,200,48,131,12,30456.02642211914,0ca1b6a19b6e9ff8
checkpoint_gen_200.pkl,200,49,131,12,-3290471.0418640138,aeeb8dd1d2d6738b
checkpoint_gen_200.pkl,200,50,131,12,30456.02642211914,e445b383cd1f84ec
checkpoint_gen_200.pkl,200,51,70,11,23798.759031982416,72dc547314aae034
checkpoint_gen_200.pkl,200,52,65,8,28980.983449707033,479cd02ccc887b4d
checkpoint_gen_200.pkl,200,53,149,15,38600.561846923825,99acd8c4f78fdb35
checkpoint_gen_200.pkl,200,54,117,12,32511.423306884768,2c2408e84248563f
checkpoint_gen_200.pkl,200,55,111,12,32511.423306884768,782498a355c6b10a
checkpoint_gen_200.pkl,200,56,164,14,36510.34302368164,0a0cb510ac89f403
checkpoint_gen_200.pkl,200,57,136,13,30456.02642211914,42f7b0854b54bbbf
checkpoint_gen_200.pkl,200,58,131,12,-3290471.0418640138,21ea5794ae899710
checkpoint_gen_200.pkl,200,59,133,12,30456.02642211914,609f81a09fd34ba6
checkpoint_gen_200.pkl,200,60,131,12,30456.02642211914,47b997dc345dcdb6
checkpoint_gen_200.pkl,200,61,149,17,30456.02642211914,428d48db7fd5b48b
checkpoint_gen_200.pkl,200,62,129,13,32511.423306884768,71785957a320a4d3
checkpoint_gen_200.pkl,200,63,131,12,30456.02642211914,e130d91eb0549208
checkpoint_gen_200.pkl,200,64,67,8,13578.210980224609,883bbbfcb26c21de
checkpoint_gen_200.pkl,200,65,47,8,-8221004.0,e6320321a106045b
checkpoint_gen_200.pkl,200,66,131,12,-8221004.0,6e99fc9843ba63f0
checkpoint_gen_200.pkl,200,67,131,12,30456.02642211914,56297d22410f780c
checkpoint_gen_200.pkl,200,68,135,12,26258.507421875,3da0ade2e5cd9a52
checkpoint_gen_200.pkl,200,69,131,12,30456.02642211914,14d9d64bc9ae64b6
checkpoint_gen_200.pkl,200,70,193,13,30456.02642211914,64c7f3a2dd2a06a7
checkpoint_gen_200.pkl,200,71,135,12,26437.25151489258,f62adaa9c96a716a
checkpoint_gen_200.pkl,200,72,91,11,36858.46099975586,258e3e170e19731c
checkpoint_gen_200.pkl,200,73,121,12,28325.985919189454,94bc6464ec1f4852
checkpoint_gen_200.pkl,200,74,131,12,30456.02642211914,e3f58a22a52c7cf6
checkpoint_gen_200.pkl,200,75,131,12,30503.25272094727,dcd790f43dbba8c8
checkpoint_gen_200.pkl,200,76,135,12,32453.70550415039,13f2e7dc960900af
checkpoint_gen_200.pkl,200,77,131,12,30455.06294555664,0d48487e0c680005
checkpoint_gen_200.pkl,200,78,133,12,30456.02642211914,be85ff89559e9f4c
checkpoint_gen_200.pkl,200,79,129,13,-8221004.0,d0b14ccb41fd86e8
checkpoint_gen_200.pkl,200,80,20,5,-3379393.51194336,6ae9a218b2d6b4d8
checkpoint_gen_200.pkl,200,81,242,15,30456.02642211914,32fba972948b3991
checkpoint_gen_200.pkl,200,82,131,12,30456.02642211914,47b997dc345dcdb6
checkpoint_gen_200.pkl,200,83,40,7,-7141284.0,ae1cbef89418ff9d
checkpoint_gen_200.pkl,200,84,71,9,-3350870.118342285,6457bacddc571293
checkpoint_gen_200.pkl,200,85,131,12,-2885691.7561596683,d7cde0c1de56b721
checkpoint_gen_200.pkl,200,86,131,12,28316.336419677733,ce8556b8c3f2342a
checkpoint_gen_200.pkl,200,87,142,13,21758.199512939453,7dac6e3d9d9fb7dd
checkpoint_gen_200.pkl,200,88,43,7,30427.553682861333,7ee7785ccf53dc7d
checkpoint_gen_200.pkl,200,89,223,13,30456.02642211914,b0876d54e6ad2040
checkpoint_gen_200.pkl,200,90,142,13,21758.199512939453,7dac6e3d9d9fb7dd
checkpoint_gen_200.pkl,200,91,131,12,28325.88591918945,e9ce8780f72bcb0b
checkpoint_gen_200.pkl,200,92,113,11,36293.52725341797,bfa45dedeceb4188
checkpoint_gen_200.pkl,200,93,131,12,30456.02642211914,47b997dc345dcdb6
checkpoint_gen_200.pkl,200,94,211,14,30456.02642211914,7eefa7d9df87f874
checkpoint_gen_200.pkl,200,95,29,6,-3290471.0418640138,4c90a0f01acde601
checkpoint_gen_200.pkl,200,96,149,17,30456.02642211914,428d48db7fd5b48b
checkpoint_gen_200.pkl,200,97,131,12,36644.8184777832,20d68920e7651e3e
checkpoint_gen_200.pkl,200,98,131,12,30456.02642211914,26f0da7100e74991
checkpoint_gen_200.pkl,200,99,140,12,17905.414088134763,1a446c7c0e970ef6
checkpoint_gen_210.pkl,210,0,97,11,18339.08090209961,e0f5323d56d31d76
checkpoint_gen_210.pkl,210,1,96,11,-4727999.211051025,41df1adee9cd7b9b
checkpoint_gen_210.pkl,210,2,114,11,16260.720064697269,e8f3f9647661e3af
checkpoint_gen_210.pkl,210,3,96,11,16262.621011962892,9e6f7b2930dc8a62
checkpoint_gen_210.pkl,210,4,92,11,16261.160184326174,ad181a0ab18fe125
checkpoint_gen_210.pkl,210,5,92,11,22223.302586669924,6f137c807127a5fa
checkpoint_gen_210.pkl,210,6,88,11,16261.160184326174,c4a9a9fe12fa1e8d
checkpoint_gen_210.pkl,210,7,103,11,16261.160184326174,041528e8cc7816ad
checkpoint_gen_210.pkl,210,8,92,11,16285.163035888672,ad02cedf9414e67b
checkpoint_gen_210.pkl,210,9,96,11,16447.57978637695,79bd2080336f8138
checkpoint_gen_210.pkl,210,10,129,15,-7478320.805061035,747e4f88e908cc5d
checkpoint_gen_210.pkl,210,11,92,11,18600.02193237305,9afff1b8cf3bed0b
checkpoint_gen_210.pkl,210,12,111,12,22223.302586669924,bd86f7837c412b6d
checkpoint_gen_210.pkl,210,13,78,10,18599.92217651367,565bff371c1a2e09
checkpoint_gen_210.pkl,210,14,93,11,16261.160184326174,463c3178a22b4bd2
checkpoint_gen_210.pkl,210,15,88,11,18146.184091796877,0cbc8755339ba0a0
checkpoint_gen_210.pkl,210,16,102,12,16261.160184326174,2e076f39e78152ce
checkpoint_gen_210.pkl,210,17,82,10,20477.851885986332,14b52d10fcd6d59c
checkpoint_gen_210.pkl,210,18,101,12,16261.160184326174,e1fbda7b22a0f989
checkpoint_gen_210.pkl,210,19,133,16,16261.160184326174,5b515b50291a4302
checkpoint_gen_210.pkl,210,20,92,11,16261.160184326174,86d81f323406bb3e
checkpoint_gen_210.pkl,210,21,92,11,16261.160184326174,ad181a0ab18fe125
checkpoint_gen_210.pkl,210,22,88,11,16261.160184326174,5da969e51b67fd80
checkpoint_gen_210.pkl,210,23,92,11,16261.160184326174,ad181a0ab18fe125
checkpoint_gen_210.pkl,210,24,92,11,18705.870081787107,6716dde39cd403c3
checkpoint_gen_210.pkl,210,25,100,11,18599.92217651367,f98589de3d3ab012
checkpoint_gen_210.pkl,210,26,96,11,16262.621011962892,9e6f7b2930dc8a62
checkpoint_gen_210.pkl,210,27,92,11,16261.160184326174,ad181a0ab18fe125
checkpoint_gen_210.pkl,210,28,92,11,16261.160184326174,ad181a0ab18fe125
checkpoint_gen_210.pkl,210,29,117,11,16261.160184326174,2c451936393e22bf
checkpoint_gen_210.pkl,210,30,100,11,16262.621011962892,e95af5def9413de8
checkpoint_gen_210.pkl,210,31,88,11,16261.160184326174,5da969e51b67fd80
checkpoint_gen_210.pkl,210,32,87,10,-3795683.0575451655,b898761dc2f693d7
checkpoint_gen_210.pkl,210,33,155,14,16261.160184326174,a4084dfb97264142
checkpoint_gen_210.pkl,210,34,29,6,26600.148194580084,7d5470358ed9c96e
checkpoint_gen_210.pkl,210,35,155,13,16262.66101196289,59859769c01e3073
checkpoint_gen_210.pkl,210,36,96,11,16262.78101196289,c7166d428e676626
checkpoint_gen_210.pkl,210,37,92,11,16151.982181396486,ed94153f51b30e63
checkpoint_gen_210.pkl,210,38,88,11,16261.160184326174,e9332fc0cf322b20
checkpoint_gen_210.pkl,210,39,96,11,16262.621011962892,4bb3228ac6be0c3e
checkpoint_gen_210.pkl,210,40,97,11,14151.357630615234,11cba0231a5dbd90
checkpoint_gen_210.pkl,210,41,92,11,16261.160184326174,43f63da08d337277
checkpoint_gen_210.pkl,210,42,97,11,18339.08090209961,e0f5323d56d31d76
checkpoint_gen_210.pkl,210,43,88,11,16261.160184326174,5da969e51b67fd80
checkpoint_gen_210.pkl,210,44,17,4,-4727999.211051025,6eab39b742301ca9
checkpoint_gen_210.pkl,210,45,97,11,14092.149058837891,fbaa341e52c535a6
checkpoint_gen_210.pkl,210,46,96,12,16261.180184326173,aad8ba3433151c02
checkpoint_gen_210.pkl,210,47,102,11,-7478320.805061035,b15a7d777945363b
checkpoint_gen_210.pkl,210,48,92,11,16288.842645263672,c8704964711f9eae
checkpoint_gen_210.pkl,210,49,101,12,16261.160184326174,e5398efa58c56328
checkpoint_gen_210.pkl,210,50,96,11,16262.621011962892,ce92c550198eed00
checkpoint_gen_210.pkl,210,51,143,13,-7478320.805061035,074e2c2a5d8d7d18
checkpoint_gen_210.pkl,210,52,102,12,17998.795767822266,ce08bdbefb04c597
checkpoint_gen_210.pkl,210,53,96,11,20997.459107666014,e61200b591b7f960
checkpoint_gen_210.pkl,210,54,96,11,-7478320.805061035,e31eb2f6926a9dbb
checkpoint_gen_210.pkl,210,55,92,11,-8225004.0,21d3c218d8122b4b
checkpoint_gen_210.pkl,210,56,136,13,-3795683.0575451655,22c838809b24d00a
checkpoint_gen_210.pkl,210,57,101,12,16262.621011962892,2264d69b5eaa1f3c
checkpoint_gen_210.pkl,210,58,86,11,16261.160184326174,53bbcd724b6c7528
checkpoint_gen_210.pkl,210,59,92,11,16261.160184326174,ad181a0ab18fe125
checkpoint_gen_210.pkl,210,60,103,11,20820.484005126953,d6b6773f40d52c33
checkpoint_gen_210.pkl,210,61,96,11,18369.73295043945,d791cc29a4cf2f91
checkpoint_gen_210.pkl,210,62,98,11,18247.357000732423,143c666f3de443e1
checkpoint_gen_210.pkl,210,63,97,11,18339.08090209961,e0f5323d56d31d76
checkpoint_gen_210.pkl,210,64,65,8,-4727999.211051025,3bc368ed319649da
checkpoint_gen_210.pkl,210,65,92,11,16258.274168701173,d8063042a8e3e989
checkpoint_gen_210.pkl,210,66,96,11,16261.160184326174,1c5a6a14a61befab
checkpoint_gen_210.pkl,210,67,92,11,-8225004.0,d7fb6a9efdacfa93
checkpoint_gen_210.pkl,210,68,92,11,16261.160184326174,d025245edc4ec6c4
checkpoint_gen_210.pkl,210,69,92,11,16261.160184326174,ad181a0ab18fe125
checkpoint_gen_210.pkl,210,70,92,11,20109.832403564455,30df380cef221e38
checkpoint_gen_210.pkl,210,71,88,11,16259.203641357424,07820d0c7210e7bc
checkpoint_gen_210.pkl,210,72,92,11,22223.302586669924,123dbc2781052f13
checkpoint_gen_210.pkl,210,73,92,11,16261.160184326174,ad181a0ab18fe125
checkpoint_gen_210.pkl,210,74,92,11,16261.160184326174,ad181a0ab18fe125
checkpoint_gen_210.pkl,210,75,115,12,16261.180184326173,c6dcbe648c928593
checkpoint_gen_210.pkl,210,76,88,11,20406.51348022461,0908389f3c148cd5
checkpoint_gen_210.pkl,210,77,139,11,18330.122791748046,cb9d9c7857202a51
checkpoint_gen_210.pkl,210,78,92,11,16261.160184326174,ad181a0ab18fe125
checkpoint_gen_210.pkl,210,79,96,11,16262.621011962892,f84f6ba617449a1e
checkpoint_gen_210.pkl,210,80,92,11,16261.160184326174,ad181a0ab18fe125
checkpoint_gen_210.pkl,210,81,100,11,-7478320.805061035,3a8435e9a9572543
checkpoint_gen_210.pkl,210,82,97,11,30559.278881835937,ebbb1c029203d988
checkpoint_gen_210.pkl,210,83,96,11,20623.237259521484,20a6aedcad985437
checkpoint_gen_210.pkl,210,84,92,11,16261.160184326174,5efbce4571465a3c
checkpoint_gen_210.pkl,210,85,85,10,16261.160184326174,178f775d7acde816
checkpoint_gen_210.pkl,210,86,97,11,18339.08090209961,e0f5323d56d31d76
checkpoint_gen_210.pkl,210,87,97,11,18339.08090209961,78e8bda96fb1e8d0
checkpoint_gen_210.pkl,210,88,99,12,17006.25692382813,aad99ece9fa2ac78
checkpoint_gen_210.pkl,210,89,100,11,24388.159448242186,263e464be68a0d8d
checkpoint_gen_210.pkl,210,90,88,11,16261.160184326174,5da969e51b67fd80
checkpoint_gen_210.pkl,210,91,97,11,18339.08090209961,78e8bda96fb1e8d0
checkpoint_gen_210.pkl,210,92,92,11,13954.727354736326,63d9bd01df1c6a05
checkpoint_gen_210.pkl,210,93,143,11,16928.57083251953,6f4b90bf34cbecc7
checkpoint_gen_210.pkl,210,94,92,11,-226450.72267700196,9e652dd3a3cf8744
checkpoint_gen_210.pkl,210,95,102,12,20094.124727783208,deeff0528dde4470
checkpoint_gen_210.pkl,210,96,97,11,18339.08090209961,708f8387569b0980
checkpoint_gen_210.pkl,210,97,88,11,16258.274168701173,236bc34aaca25860
checkpoint_gen_210.pkl,210,98,90,11,-5036017.754062499,c4369a1fbf895515
checkpoint_gen_210.pkl,210,99,114,13,-4727999.211051025,d5de850e346ead45
checkpoint_gen_220.pkl,220,0,97,11,34141.17573120117,dc82e04b4823306b
checkpoint_gen_220.pkl,220,1,103,11,-4898757.477023925,7a17a91ec1a80d2d
checkpoint_gen_220.pkl,220,2,163,13,31946.67743041992,d328cd7bcc32a4cc
checkpoint_gen_220.pkl,220,3,40,6,-3993124.339074707,877dc5246dce99ae
checkpoint_gen_220.pkl,220,4,101,11,31946.67743041992,75f46e3f899fd4e0
checkpoint_gen_220.pkl,220,5,97,11,34004.92018432617,afab838bb53e9a64
checkpoint_gen_220.pkl,220,6,104,12,25943.49955078125,970dee646e9cfe61
checkpoint_gen_220.pkl,220,7,97,11,31946.67743041992,a15a6b008b00c472
checkpoint_gen_220.pkl,220,8,97,11,31946.67743041992,17a1560b79680a77
checkpoint_gen_220.pkl,220,9,95,11,31946.67743041992,f3c1667a11fb6a5c
checkpoint_gen_220.pkl,220,10,95,11,18662.080246582023,5ead6c76f55191e8
checkpoint_gen_220.pkl,220,11,95,11,30327.509803466797,9c7d6cef81adee4b
checkpoint_gen_220.pkl,220,12,97,11,31946.67743041992,2db37c19429833b5
checkpoint_gen_220.pkl,220,13,95,11,38353.596018066404,694162759721d07f
checkpoint_gen_220.pkl,220,14,95,11,23450.53641479492,a34bfa2f54d4ecf1
checkpoint_gen_220.pkl,220,15,97,11,31946.67743041992,740fc80ce764a5b4
checkpoint_gen_220.pkl,220,16,97,11,31946.67743041992,9501254ce16d1dfa
checkpoint_gen_220.pkl,220,17,100,11,31946.67743041992,40e68160245c3494
checkpoint_gen_220.pkl,220,18,30,6,-7160760.0,804380e0078244e6
checkpoint_gen_220.pkl,220,19,97,11,31946.67743041992,9501254ce16d1dfa
checkpoint_gen_220.pkl,220,20,158,12,34141.17573120117,dc97192a68f9bb88
checkpoint_gen_220.pkl,220,21,43,7,23800.235290527344,8cd7012bc4db5a4c
checkpoint_gen_220.pkl,220,22,95,11,-8219004.0,bcaf651b3b1b827a
checkpoint_gen_220.pkl,220,23,97,11,-6471999.376802674,5db8a0721ac6bcce
checkpoint_gen_220.pkl,220,24,90,11,-8218860.209107971,1be111001584257a
checkpoint_gen_220.pkl,220,25,100,12,-196631.38848266605,99b1db4421f2ce96
checkpoint_gen_220.pkl,220,26,63,7,-4875872.5429351805,04ad77d133988e34
checkpoint_gen_220.pkl,220,27,97,11,31946.67743041992,af014d97dff0ba0e
checkpoint_gen_220.pkl,220,28,97,11,34141.17573120117,bb7fd49e93453413
checkpoint_gen_220.pkl,220,29,97,11,31946.67743041992,9501254ce16d1dfa
checkpoint_gen_220.pkl,220,30,97,11,18662.080246582023,3663d08e534d8402
checkpoint_gen_220.pkl,220,31,110,11,-6471999.376802674,6daa4946ea17a498
checkpoint_gen_220.pkl,220,32,115,13,18662.080246582023,96b7ff0186c9c9ec
checkpoint_gen_220.pkl,220,33,97,11,-475139.1318530274,c437e35e93fc1649
checkpoint_gen_220.pkl,220,34,106,12,31946.67743041992,2a6c1daea487deeb
checkpoint_gen_220.pkl,220,35,97,11,27504.066236572264,4e1b9e259a55fe42
checkpoint_gen_220.pkl,220,36,97,11,25531.12787475586,ce1e06efb7d12eb6
checkpoint_gen_220.pkl,220,37,100,11,18662.080246582023,3e9add6353e32d6d
checkpoint_gen_220.pkl,220,38,108,13,23525.782840576172,883d83cab313aebf
checkpoint_gen_220.pkl,220,39,97,11,31946.67743041992,1ec7f97292f5d9bf
checkpoint_gen_220.pkl,220,40,97,11,31946.67743041992,4365129173e5f710
checkpoint_gen_220.pkl,220,41,95,11,31946.67743041992,afe500b35441c53d
checkpoint_gen_220.pkl,220,42,95,11,31946.67743041992,0034560076e94e2f
checkpoint_gen_220.pkl,220,43,97,11,34141.17573120117,dc82e04b4823306b
checkpoint_gen_220.pkl,220,44,95,11,-475040.86678466806,42b6e456ac1b6739
checkpoint_gen_220.pkl,220,45,97,11,31946.67743041992,17a1560b79680a77
checkpoint_gen_220.pkl,220,46,139,13,31946.67743041992,f2e7e064496ee780
checkpoint_gen_220.pkl,220,47,95,11,31946.67743041992,31ddae8965efd674
checkpoint_gen_220.pkl,220,48,97,11,34141.17573120117,dc82e04b4823306b
checkpoint_gen_220.pkl,220,49,98,11,-6471999.376802674,3221eb9a506fd537
checkpoint_gen_220.pkl,220,50,126,13,-8219004.0,130c0506064fb60e
checkpoint_gen_220.pkl,220,51,97,11,18662.080246582023,53ac043607875477
checkpoint_gen_220.pkl,220,52,97,11,31946.67743041992,9501254ce16d1dfa
checkpoint_gen_220.pkl,220,53,95,11,31946.67743041992,afe500b35441c53d
checkpoint_gen_220.pkl,220,54,97,11,34433.08813842773,1f348920f9612392
checkpoint_gen_220.pkl,220,55,97,11,25570.606461181644,f4bfb72f2160e2a4
checkpoint_gen_220.pkl,220,56,112,11,-6471999.376802674,a31c84559f78aa74
checkpoint_gen_220.pkl,220,57,102,11,-4898757.477023925,c77c3c496c19d735
checkpoint_gen_220.pkl,220,58,97,11,34475.12813842774,6d195a502f86f272
checkpoint_gen_220.pkl,220,59,95,11,31946.67743041992,308b966803a6ca99
checkpoint_gen_220.pkl,220,60,96,11,28007.643320312498,f0b6c9e7ca0bf695
checkpoint_gen_220.pkl,220,61,97,11,25881.720457763673,bb7376d93e52e894
checkpoint_gen_220.pkl,220,62,101,11,31946.67743041992,4a285033af79f0ec
checkpoint_gen_220.pkl,220,63,105,11,18662.080246582023,0533f4669fce96fa
checkpoint_gen_220.pkl,220,64,95,11,23617.402100830077,54f4c89f32ab8e61
checkpoint_gen_220.pkl,220,65,142,11,-4134239.7824999997,b876cf92eb341e69
checkpoint_gen_220.pkl,220,66,95,11,27774.87752807617,c0adb41125589cdc
checkpoint_gen_220.pkl,220,67,125,11,21482.050950927733,ff2c6c740ed662fc
checkpoint_gen_220.pkl,220,68,97,11,25570.606461181644,8dbcf3e9ab1e2aa6
checkpoint_gen_220.pkl,220,69,101,12,31946.67743041992,2e39f2bd27311a57
checkpoint_gen_220.pkl,220,70,92,11,-8219004.0,8d23f9216eb1e71e
checkpoint_gen_220.pkl,220,71,106,11,-4898757.477023925,fbdac2e6c132d360
checkpoint_gen_220.pkl,220,72,97,11,31946.67743041992,b2f5c9d906b32141
checkpoint_gen_220.pkl,220,73,100,11,-4898757.477023925,8a47af0f1a41bfbd
checkpoint_gen_220.pkl,220,74,95,11,31946.67743041992,0034560076e94e2f
checkpoint_gen_220.pkl,220,75,95,11,31946.67743041992,afe500b35441c53d
checkpoint_gen_220.pkl,220,76,125,13,18662.080246582023,2e0cbcf2462a4d98
checkpoint_gen_220.pkl,220,77,100,11,31946.67743041992,586c7b42b186b53f
checkpoint_gen_220.pkl,220,78,113,13,21482.050950927733,115ac6d9cd17f597
checkpoint_gen_220.pkl,220,79,97,11,18662.080246582023,9de48c4ef94ec8d9
checkpoint_gen_220.pkl,220,80,97,11,-8219004.0,be22e80705e9374a
checkpoint_gen_220.pkl,220,81,135,12,24797.011982421875,34f20250c67ab60a
checkpoint_gen_220.pkl,220,82,95,11,31946.67743041992,0034560076e94e2f
checkpoint_gen_220.pkl,220,83,101,11,-4898757.477023925,3c5c2e60c17414b0
checkpoint_gen_220.pkl,220,84,122,14,31946.67743041992,f9653c6d7b1824b2
checkpoint_gen_220.pkl,220,85,72,9,18662.080246582023,666cce4844022369
checkpoint_gen_220.pkl,220,86,142,17,-8219004.0,eeb78f2d46b13f95
checkpoint_gen_220.pkl,220,87,108,11,-4532086.569217834,ab47f4b4a4016845
checkpoint_gen_220.pkl,220,88,97,11,-63995.446108398435,88676578090be92d
checkpoint_gen_220.pkl,220,89,97,11,31946.67743041992,76214d1c769e3c8c
checkpoint_gen_220.pkl,220,90,114,16,31946.67743041992,4ab8c4a0f1cd1938
checkpoint_gen_220.pkl,220,91,144,15,31946.67743041992,7651454ec97608b6
checkpoint_gen_220.pkl,220,92,207,14,-6471999.376802674,a0f66d2d32c9c74b
checkpoint_gen_220.pkl,220,93,97,11,31946.67743041992,3b9326718be48544
checkpoint_gen_220.pkl,220,94,46,9,-6471999.376802674,b192601ceb60b352
checkpoint_gen_220.pkl,220,95,95,11,31946.67743041992,f3c1667a11fb6a5c
checkpoint_gen_220.pkl,220,96,95,11,-4898757.477023925,d2c99b83c8a79514
checkpoint_gen_220.pkl,220,97,95,11,31946.67743041992,28614d152f14b5c0
checkpoint_gen_220.pkl,220,98,47,9,-6471999.376802674,8ba3c4f11c1d5b46
checkpoint_gen_220.pkl,220,99,95,11,-256872.42759643547,9bd1d77ae7415dfe
checkpoint_gen_230.pkl,230,0,157,11,17666.227941894533,9aba81567ad7eceb
checkpoint_gen_230.pkl,230,1,174,13,-6943003.94,188df9e9c91ef871
checkpoint_gen_230.pkl,230,2,94,11,27982.532647705077,be2b917fdd241b13
checkpoint_gen_230.pkl,230,3,95,11,25987.31264770508,130aa2ec0d474a97
checkpoint_gen_230.pkl,230,4,94,12,16196.76426513672,72189d7e7e08e6e9
checkpoint_gen_230.pkl,230,5,104,13,-2689557.6636981196,0a254d530cb2c351
checkpoint_gen_230.pkl,230,6,95,11,22481.06927185059,dcaba7e9c9886c22
checkpoint_gen_230.pkl,230,7,95,11,27982.532647705077,1615ac4b45bce48f
checkpoint_gen_230.pkl,230,8,91,11,17732.665677490237,d86b041cbf7b356b
checkpoint_gen_230.pkl,230,9,153,11,13665.90794189453,5bb8c7379dcb7b0a
checkpoint_gen_230.pkl,230,10,157,11,17666.227941894533,9aba81567ad7eceb
checkpoint_gen_230.pkl,230,11,91,11,17732.665677490237,d86b041cbf7b356b
checkpoint_gen_230.pkl,230,12,136,11,17753.388428955077,5f3a38bff4aad42c
checkpoint_gen_230.pkl,230,13,95,11,27982.532647705077,9e8c5d220632d57d
checkpoint_gen_230.pkl,230,14,168,13,-6267739.22,f70cb83871bbe73b
checkpoint_gen_230.pkl,230,15,95,11,25987.31264770508,ad001d4109fccad1
checkpoint_gen_230.pkl,230,16,95,11,17751.18966064453,7039b6cffbcfa5e1
checkpoint_gen_230.pkl,230,17,148,16,27982.532647705077,ae1f4c7887c8749f
checkpoint_gen_230.pkl,230,18,94,11,25987.31264770508,a07523ed66fff91d
checkpoint_gen_230.pkl,230,19,107,12,27982.532647705077,a2dcebc2055e64cd
checkpoint_gen_230.pkl,230,20,94,11,27982.532647705077,02cd095007cf6263
checkpoint_gen_230.pkl,230,21,102,11,-8219100.0,d6576522902b7475
checkpoint_gen_230.pkl,230,22,95,11,13388.586610107424,5d88311ee78f1b16
checkpoint_gen_230.pkl,230,23,95,11,17698.968157958985,2ae80794631d7253
checkpoint_gen_230.pkl,230,24,83,11,-6607280.699999999,74e8ec378f97d821
checkpoint_gen_230.pkl,230,25,94,11,27982.532647705077,be2b917fdd241b13
checkpoint_gen_230.pkl,230,26,161,11,-8219100.0,b556835bae0db0e7
checkpoint_gen_230.pkl,230,27,95,11,27982.532647705077,1615ac4b45bce48f
checkpoint_gen_230.pkl,230,28,91,11,-6267739.22,2f9fdbd6641a86fd
checkpoint_gen_230.pkl,230,29,91,11,26475.52194335938,478b8ad3d9467293
checkpoint_gen_230.pkl,230,30,93,11,27988.692647705077,658959f90e9f897c
checkpoint_gen_230.pkl,230,31,95,11,17853.485987548826,82c2da5d0f0cc8d7
checkpoint_gen_230.pkl,230,32,72,9,13805.75988220215,d20b7bc4590bf180
checkpoint_gen_230.pkl,230,33,176,11,13665.90794189453,631ccddf9ee30947
checkpoint_gen_230.pkl,230,34,108,15,27988.692647705077,255f48dcd7b88a7a
checkpoint_gen_230.pkl,230,35,94,11,27982.532647705077,be2b917fdd241b13
checkpoint_gen_230.pkl,230,36,95,11,27982.532647705077,3d69af555011cde5
checkpoint_gen_230.pkl,230,37,101,11,27982.532647705077,ad492ff4f294455a
checkpoint_gen_230.pkl,230,38,92,11,16186.26871582031,07f60b0fe808651e
checkpoint_gen_230.pkl,230,39,97,11,-6607280.699999999,01328f1cdab50cf7
checkpoint_gen_230.pkl,230,40,91,11,27982.532647705077,628abbc539f501b9
checkpoint_gen_230.pkl,230,41,131,14,-3328846.8291870113,03a3b712979c1ac6
checkpoint_gen_230.pkl,230,42,139,16,27988.692647705077,4e5dc3af0894adff
checkpoint_gen_230.pkl,230,43,91,11,17732.665677490237,d86b041cbf7b356b
checkpoint_gen_230.pkl,230,44,95,11,-3328846.8291870113,dc88ffa5246dbac0
checkpoint_gen_230.pkl,230,45,153,11,13665.90794189453,391c2a46508edb6d
checkpoint_gen_230.pkl,230,46,95,11,12194.771110839845,87b54b1e3429c484
checkpoint_gen_230.pkl,230,47,75,9,15805.356992187502,256f9a6984eb6533
checkpoint_gen_230.pkl,230,48,101,11,25982.47264770508,9a063971e3d48796
checkpoint_gen_230.pkl,230,49,95,11,11171.63356933594,7e259167a89fb9c5
checkpoint_gen_230.pkl,230,50,94,11,27982.532647705077,be2b917fdd241b13
checkpoint_gen_230.pkl,230,51,109,11,-8219100.0,284786b694debbc9
checkpoint_gen_230.pkl,230,52,95,11,13957.927036132814,065f20bb9272c1ad
checkpoint_gen_230.pkl,230,53,93,11,27988.692647705077,ff5d8417dab10ff0
checkpoint_gen_230.pkl,230,54,90,11,-2689557.6636981196,56bfdf7c04a62539
checkpoint_gen_230.pkl,230,55,100,12,-2841415.3000024417,88c7308f67273e7b
checkpoint_gen_230.pkl,230,56,94,11,-6267739.22,929f7c6a5ef39ebb
checkpoint_gen_230.pkl,230,57,95,11,24942.163607177736,91bd20a94ed5b972
checkpoint_gen_230.pkl,230,58,95,11,31925.867657470702,2424d4daa2f1f819
checkpoint_gen_230.pkl,230,59,4,2,-7153776.0,46aaf5d7c77a8aff
checkpoint_gen_230.pkl,230,60,99,11,15739.414794921875,33eef1eae6c91a3b
checkpoint_gen_230.pkl,230,61,136,16,13967.017958984376,54e1dc24745a01ef
checkpoint_gen_230.pkl,230,62,97,11,-891004.6430487068,780b665d3f99a64f
checkpoint_gen_230.pkl,230,63,95,11,25092.397236328125,99df591bc22fe979
checkpoint_gen_230.pkl,230,64,95,11,-1164726.528173828,41087445d0bea0c2
checkpoint_gen_230.pkl,230,65,97,11,-2841415.3000024417,9a670bdf1859c23f
checkpoint_gen_230.pkl,230,66,95,11,27982.532647705077,1615ac4b45bce48f
checkpoint_gen_230.pkl,230,67,95,11,22006.5235144043,9d4713af9a980772
checkpoint_gen_230.pkl,230,68,95,11,13957.927036132814,065f20bb9272c1ad
checkpoint_gen_230.pkl,230,69,95,11,28019.14998901367,5ff0b452e6fd2979
checkpoint_gen_230.pkl,230,70,119,14,-6494848.955359803,8ceef5711931d319
checkpoint_gen_230.pkl,230,71,91,11,15805.3169921875,a7c763f84b1d0481
checkpoint_gen_230.pkl,230,72,95,11,27988.692647705077,4387c892f8642e0d
checkpoint_gen_230.pkl,230,73,95,11,13957.927036132814,065f20bb9272c1ad
checkpoint_gen_230.pkl,230,74,95,11,27982.532647705077,1615ac4b45bce48f
checkpoint_gen_230.pkl,230,75,94,11,27982.532647705077,be2b917fdd241b13
checkpoint_gen_230.pkl,230,76,111,12,27988.63264770508,976fa2111f4dc514
checkpoint_gen_230.pkl,230,77,79,10,16196.76426513672,a07c918d3de86d8e
checkpoint_gen_230.pkl,230,78,97,11,-6274839.22,5f04104c9939966c
checkpoint_gen_230.pkl,230,79,93,10,27988.692647705077,0cbf5b1e74a9c9c6
checkpoint_gen_230.pkl,230,80,147,11,-6267739.22,9a1776738762c75c
checkpoint_gen_230.pkl,230,81,95,11,25098.677236328127,dbc8a69b391dd09f
checkpoint_gen_230.pkl,230,82,94,11,27982.532647705077,789da94ac7486497
checkpoint_gen_230.pkl,230,83,95,11,27982.532647705077,1615ac4b45bce48f
checkpoint_gen_230.pkl,230,84,95,11,13388.586610107424,2707a41ca5575be4
checkpoint_gen_230.pkl,230,85,88,11,-6607280.699999999,fe72e8d33de534e6
checkpoint_gen_230.pkl,230,86,157,11,17666.227941894533,9aba81567ad7eceb
checkpoint_gen_230.pkl,230,87,95,11,27982.532647705077,9e8c5d220632d57d
checkpoint_gen_230.pkl,230,88,17,4,-6494848.955359803,231469ff0803154d
checkpoint_gen_230.pkl,230,89,99,11,27982.532647705077,bd3cb2ca0e1ab57f
checkpoint_gen_230.pkl,230,90,95,11,27988.692647705077,4387c892f8642e0d
checkpoint_gen_230.pkl,230,91,91,11,17732.665677490237,d86b041cbf7b356b
checkpoint_gen_230.pkl,230,92,93,11,-2841415.3000024417,d83e7e680476994a
checkpoint_gen_230.pkl,230,93,101,11,-2166573.7165576173,179153a51c7c3903
checkpoint_gen_230.pkl,230,94,153,11,13665.794606933594,868ee2a3751b3a6c
checkpoint_gen_230.pkl,230,95,95,11,27982.532647705077,1615ac4b45bce48f
checkpoint_gen_230.pkl,230,96,157,11,17666.227941894533,9aba81567ad7eceb
checkpoint_gen_230.pkl,230,97,91,11,-6267739.22,73cd9e3508ccff0c
checkpoint_gen_230.pkl,230,98,95,11,-8080061.443934326,03a604d1a9c027a8
checkpoint_gen_230.pkl,230,99,95,11,16108.124746093748,31fa5101b59d372d
checkpoint_gen_240.pkl,240,0,139,14,18454.80621826172,1ec6522b56151b2a
checkpoint_gen_240.pkl,240,1,148,11,-421946.22468505864,cb8bd3d9d4a3aa74
checkpoint_gen_240.pkl,240,2,130,13,18454.80621826172,77cd1fbe8abf41fa
checkpoint_gen_240.pkl,240,3,109,11,-3245186.6591809085,c1f50859cb6383f5
checkpoint_gen_240.pkl,240,4,93,11,-421928.2927709961,8e25d50f19655f24
checkpoint_gen_240.pkl,240,5,43,7,24082.635688476563,2345948cce6edc5f
checkpoint_gen_240.pkl,240,6,109,11,26294.419503173827,9ec84943c5fdaa12
checkpoint_gen_240.pkl,240,7,113,11,-4344187.567752685,674c8c4dab751250
checkpoint_gen_240.pkl,240,8,130,13,-163340.48398498533,909b6342fe070325
checkpoint_gen_240.pkl,240,9,93,11,-421928.2927709961,f1616c2b07ab7b0e
checkpoint_gen_240.pkl,240,10,109,11,24082.55568847656,aa383ee6dd45c0fc
checkpoint_gen_240.pkl,240,11,130,13,-15036.509508666943,2b389a79545e16c8
checkpoint_gen_240.pkl,240,12,105,12,-421928.2927709961,8f0e8c45807e9e24
checkpoint_gen_240.pkl,240,13,95,11,-421928.2927709961,3d5df601231a8957
checkpoint_gen_240.pkl,240,14,43,7,24082.635688476563,8eaff1f51bcf8493
checkpoint_gen_240.pkl,240,15,109,11,23861.075126953125,382f6149bcb949df
checkpoint_gen_240.pkl,240,16,92,10,27562.73972290039,1b22a5b09a9fa34e
checkpoint_gen_240.pkl,240,17,113,11,24082.635688476563,e1c06f5bf388d344
checkpoint_gen_240.pkl,240,18,52,9,-6728790.917540284,f45ac8e92c8484ea
checkpoint_gen_240.pkl,240,19,93,11,-421928.2927709961,8e25d50f19655f24
checkpoint_gen_240.pkl,240,20,43,7,24082.635688476563,2345948cce6edc5f
checkpoint_gen_240.pkl,240,21,97,11,-421928.2927709961,a16d7f1098a01fb7
checkpoint_gen_240.pkl,240,22,109,11,30204.50988159179,b0fc1ecf931d3b16
checkpoint_gen_240.pkl,240,23,43,7,27810.99520935059,fb0c8de7ccf5e1e9
checkpoint_gen_240.pkl,240,24,95,11,17019.730889892577,19a25e4f238a2999
checkpoint_gen_240.pkl,240,25,130,13,16369.864685058594,a20a9f52bf01270e
checkpoint_gen_240.pkl,240,26,95,11,-423979.8250891113,9af0eff598848853
checkpoint_gen_240.pkl,240,27,110,11,22083.315688476563,ffe5003c67bcdfe7
checkpoint_gen_240.pkl,240,28,43,7,24082.635688476563,8eaff1f51bcf8493
checkpoint_gen_240.pkl,240,29,107,11,-6738983.220000001,8e44b3350312348b
checkpoint_gen_240.pkl,240,30,99,11,-421928.2927709961,4f7db3667fd1760b
checkpoint_gen_240.pkl,240,31,109,11,24082.55568847656,4b0a25e3fd3c53b7
checkpoint_gen_240.pkl,240,32,43,7,24082.635688476563,2345948cce6edc5f
checkpoint_gen_240.pkl,240,33,31,6,-6749036.352880249,4bd7430df3b9399d
checkpoint_gen_240.pkl,240,34,109,11,-1249638.557545166,cab7758d742f3df1
checkpoint_gen_240.pkl,240,35,113,11,24082.635688476563,c99d9ffced215a98
checkpoint_gen_240.pkl,240,36,95,11,-423983.42809204105,b7734a0a4a8ba7ac
checkpoint_gen_240.pkl,240,37,109,11,24082.55568847656,6aa246db627246e6
checkpoint_gen_240.pkl,240,38,43,7,-6217723.24,a5356fb7967bcc94
checkpoint_gen_240.pkl,240,39,95,11,-421946.22468505864,e04db8334eb044b1
checkpoint_gen_240.pkl,240,40,43,7,24083.37568847656,553650f80138673f
checkpoint_gen_240.pkl,240,41,95,11,-421928.2927709961,8878293cabf9044e
checkpoint_gen_240.pkl,240,42,100,11,-6998024.705549927,6931a0702e27888c
checkpoint_gen_240.pkl,240,43,119,11,30972.097783203128,b15ddee6447f618b
checkpoint_gen_240.pkl,240,44,128,11,24082.635688476563,56001878ce492637
checkpoint_gen_240.pkl,240,45,85,11,-421946.22468505864,04fcfc5e0ef9f3f4
checkpoint_gen_240.pkl,240,46,130,13,-64953.5654163933,ec098b2172aa8604
checkpoint_gen_240.pkl,240,47,43,7,24082.635688476563,8eaff1f51bcf8493
checkpoint_gen_240.pkl,240,48,113,11,25825.85926635742,34f28ce4a8964e8f
checkpoint_gen_240.pkl,240,49,93,11,-3840239.1224768064,750645885c068d50
checkpoint_gen_240.pkl,240,50,93,11,-421928.2927709961,8e25d50f19655f24
checkpoint_gen_240.pkl,240,51,109,11,24082.55568847656,4b0a25e3fd3c53b7
checkpoint_gen_240.pkl,240,52,130,13,-6338932.820303955,162ea6933f2e9d66
checkpoint_gen_240.pkl,240,53,109,11,22083.315688476563,4147e5c124558887
checkpoint_gen_240.pkl,240,54,203,16,18952.08602783203,f78e40292a1f469a
checkpoint_gen_240.pkl,240,55,20,5,-4048129.7884838865,6f32d22206f2afa5
checkpoint_gen_240.pkl,240,56,35,6,-6749036.352880249,abee49eb0acfdf11
checkpoint_gen_240.pkl,240,57,109,11,24082.635688476563,34e543476f213917
checkpoint_gen_240.pkl,240,58,43,7,24082.635688476563,8eaff1f51bcf8493
checkpoint_gen_240.pkl,240,59,95,11,-421928.2927709961,3d5df601231a8957
checkpoint_gen_240.pkl,240,60,109,11,24082.635688476563,2c6e9b01056eb62e
checkpoint_gen_240.pkl,240,61,128,11,24082.635688476563,56001878ce492637
checkpoint_gen_240.pkl,240,62,93,11,-432993.0895605468,c260f7270f875589
checkpoint_gen_240.pkl,240,63,95,11,31148.4380444336,1f6b3e122c0ba840
checkpoint_gen_240.pkl,240,64,109,11,24082.635688476563,34e543476f213917
checkpoint_gen_240.pkl,240,65,139,14,-4503968.4713232415,59875fb5381eeeff
checkpoint_gen_240.pkl,240,66,109,11,24082.635688476563,a0128b21309e63cf
checkpoint_gen_240.pkl,240,67,95,11,-423979.8250891113,9db2093287c77411
checkpoint_gen_240.pkl,240,68,43,7,24082.635688476563,2345948cce6edc5f
checkpoint_gen_240.pkl,240,69,109,11,24082.55568847656,4b0a25e3fd3c53b7
checkpoint_gen_240.pkl,240,70,109,11,24082.635688476563,ba8a4ecc23c8bd54
checkpoint_gen_240.pkl,240,71,43,7,24082.635688476563,8eaff1f51bcf8493
checkpoint_gen_240.pkl,240,72,43,7,24083.37568847656,b1701c1070a80040
checkpoint_gen_240.pkl,240,73,109,11,24082.435688476562,487070efaf0a6455
checkpoint_gen_240.pkl,240,74,152,11,-6749036.352880249,c9c416136ba4f37c
checkpoint_gen_240.pkl,240,75,88,10,24082.635688476563,f070ed7814eb366a
checkpoint_gen_240.pkl,240,76,93,11,-421928.2927709961,24cc6a2e0a592421
checkpoint_gen_240.pkl,240,77,93,11,-421928.2927709961,1e3d0567508a0593
checkpoint_gen_240.pkl,240,78,43,7,35714.34623718262,e9ce27201f2d52e9
checkpoint_gen_240.pkl,240,79,93,11,-421928.2927709961,8e25d50f19655f24
checkpoint_gen_240.pkl,240,80,109,11,24082.55568847656,4b0a25e3fd3c53b7
checkpoint_gen_240.pkl,240,81,80,10,-423979.8250891113,3a3ed5ba9a6fddbe
checkpoint_gen_240.pkl,240,82,93,11,29356.133151855473,e7ff71164cd75551
checkpoint_gen_240.pkl,240,83,109,11,-6728790.917540284,a8dd12fb16f65d9b
checkpoint_gen_240.pkl,240,84,109,11,24082.635688476563,22af89fa9ba1e1f1
checkpoint_gen_240.pkl,240,85,112,11,-7689186.960800934,bcb97ac35c5a9bf5
checkpoint_gen_240.pkl,240,86,109,12,-516242.3540405274,66a59e4036ffa591
checkpoint_gen_240.pkl,240,87,39,7,38858.09147155762,e0a025c0f6f317f2
checkpoint_gen_240.pkl,240,88,195,14,18735.506025390627,749461f0616237bb
checkpoint_gen_240.pkl,240,89,69,7,-8223004.0,b9bd808bd53bceca
checkpoint_gen_240.pkl,240,90,131,12,24082.635688476563,28268ef357259f29
checkpoint_gen_240.pkl,240,91,109,11,22117.367740478516,5bf54beaf7101b00
checkpoint_gen_240.pkl,240,92,95,11,-434203.9338146973,a4d6094c3addc277
checkpoint_gen_240.pkl,240,93,80,10,-421928.2927709961,383d19785ae330cb
checkpoint_gen_240.pkl,240,94,139,14,20789.71258544922,06648202c4130713
checkpoint_gen_240.pkl,240,95,43,7,-6218259.595196534,c689f40205d7e47b
checkpoint_gen_240.pkl,240,96,109,11,24082.635688476563,1cbe9e8c813a6ff3
checkpoint_gen_240.pkl,240,97,43,7,24082.83568847656,9614178006c4ca08
checkpoint_gen_240.pkl,240,98,109,11,24082.55568847656,b78327b62025bdbd
checkpoint_gen_240.pkl,240,99,187,11,-8223005.360800934,164db1342aea5601
checkpoint_gen_250.pkl,250,0,29,6,26877.476679687497,82ba433589046ad1
checkpoint_gen_250.pkl,250,1,29,6,26877.476679687497,82ba433589046ad1
checkpoint_gen_250.pkl,250,2,43,6,-4891444.4665625,b5d5a51276e0dc6c
checkpoint_gen_250.pkl,250,3,29,6,26877.476679687497,82ba433589046ad1
checkpoint_gen_250.pkl,250,4,28,6,-7512276.595144043,84b0cf56591c07c3
checkpoint_gen_250.pkl,250,5,30,6,-7512276.595144043,323b02f605433b58
checkpoint_gen_250.pkl,250,6,29,6,30967.223559570313,818f83eebd4c03ea
checkpoint_gen_250.pkl,250,7,29,6,26877.476679687497,82ba433589046ad1
checkpoint_gen_250.pkl,250,8,29,6,26877.476679687497,82ba433589046ad1
checkpoint_gen_250.pkl,250,9,57,8,-6698473.272797851,58024d2bb0e4decf
checkpoint_gen_250.pkl,250,10,35,6,26877.476679687497,f1192cfab835da73
checkpoint_gen_250.pkl,250,11,29,6,-7512276.595144043,54dd374ee802b914
checkpoint_gen_250.pkl,250,12,29,6,26877.476679687497,82ba433589046ad1
checkpoint_gen_250.pkl,250,13,29,6,-8225004.0,fd5d86eeacb2b9df
checkpoint_gen_250.pkl,250,14,29,6,-92727.21644042968,231bf0c50d6c4633
checkpoint_gen_250.pkl,250,15,29,6,30967.503559570312,3e6ca70ae61ca65d
checkpoint_gen_250.pkl,250,16,29,6,26877.476679687497,82ba433589046ad1
checkpoint_gen_250.pkl,250,17,35,6,26758.993127441405,2e0eef4c23737b76
checkpoint_gen_250.pkl,250,18,31,6,26877.756679687496,cde5eb0825b5c9bd
checkpoint_gen_250.pkl,250,19,33,6,-7512276.595144043,267317e235b1ae8b
checkpoint_gen_250.pkl,250,20,41,6,16811.433837890625,a66bceda97e495ad
checkpoint_gen_250.pkl,250,21,17,4,-8225004.0,5d0a61c67373ddda
checkpoint_gen_250.pkl,250,22,29,6,-5009350.796074218,16431b543a0938b8
checkpoint_gen_250.pkl,250,23,29,6,28887.94578125,b9d7e0efcecd3f55
checkpoint_gen_250.pkl,250,24,29,6,26877.476679687497,a3ef354667a23bfd
checkpoint_gen_250.pkl,250,25,29,6,26877.476679687497,82ba433589046ad1
checkpoint_gen_250.pkl,250,26,29,6,26877.476679687497,82ba433589046ad1
checkpoint_gen_250.pkl,250,27,29,6,26877.476679687497,82ba433589046ad1
checkpoint_gen_250.pkl,250,28,34,6,-5385679.045109862,1f1716d85a5dc513
checkpoint_gen_250.pkl,250,29,35,6,26757.990664062498,04fef35a43abae0c
checkpoint_gen_250.pkl,250,30,29,6,26877.476679687497,82ba433589046ad1
checkpoint_gen_250.pkl,250,31,47,9,-7512276.595144043,e51bd9cb6484e3eb
checkpoint_gen_250.pkl,250,32,29,6,-8225004.0,37fa82916b58848e
checkpoint_gen_250.pkl,250,33,43,6,32966.22355957031,ff18b859cd10e6da
checkpoint_gen_250.pkl,250,34,71,6,-8225004.0,6993d49b5055da06
checkpoint_gen_250.pkl,250,35,29,6,26877.476679687497,a3ef354667a23bfd
checkpoint_gen_250.pkl,250,36,36,8,-7512276.595144043,526038de15c6877e
checkpoint_gen_250.pkl,250,37,29,6,26877.476679687497,82ba433589046ad1
checkpoint_gen_250.pkl,250,38,38,7,26877.476679687497,73612e62a49c94eb
checkpoint_gen_250.pkl,250,39,29,6,26877.476679687497,a3ef354667a23bfd
checkpoint_gen_250.pkl,250,40,35,6,-2402310.665202637,1f2df770308900df
checkpoint_gen_250.pkl,250,41,35,6,26757.990664062498,04fef35a43abae0c
checkpoint_gen_250.pkl,250,42,29,6,30967.223559570313,818f83eebd4c03ea
checkpoint_gen_250.pkl,250,43,29,6,26877.476679687497,82ba433589046ad1
checkpoint_gen_250.pkl,250,44,49,9,32966.22355957031,3cdaca709499129d
checkpoint_gen_250.pkl,250,45,29,6,26877.476679687497,82ba433589046ad1
checkpoint_gen_250.pkl,250,46,26,5,-4551031.086798095,a598f29a5d813a18
checkpoint_gen_250.pkl,250,47,38,7,30967.503559570312,cf77247baf817252
checkpoint_gen_250.pkl,250,48,29,6,30967.503559570312,3e6ca70ae61ca65d
checkpoint_gen_250.pkl,250,49,29,6,26877.476679687497,a3ef354667a23bfd
checkpoint_gen_250.pkl,250,50,38,7,26877.476679687497,73612e62a49c94eb
checkpoint_gen_250.pkl,250,51,29,6,16810.692587890626,feab09abd86e7570
checkpoint_gen_250.pkl,250,52,29,6,-8225100.0,ab707388f1cbc671
checkpoint_gen_250.pkl,250,53,35,6,-7512276.595144043,50443cdb65eab18a
checkpoint_gen_250.pkl,250,54,29,6,26877.476679687497,82ba433589046ad1
checkpoint_gen_250.pkl,250,55,29,6,26877.476679687497,82ba433589046ad1
checkpoint_gen_250.pkl,250,56,29,6,-8225004.0,7f0c92d315dfeaee
checkpoint_gen_250.pkl,250,57,35,6,26877.476679687497,f1192cfab835da73
checkpoint_gen_250.pkl,250,58,35,6,26757.990664062498,04fef35a43abae0c
checkpoint_gen_250.pkl,250,59,29,6,26877.476679687497,82ba433589046ad1
checkpoint_gen_250.pkl,250,60,86,8,-8225000.598003387,2f3d23c90e517034
checkpoint_gen_250.pkl,250,61,29,6,26877.476679687497,82ba433589046ad1
checkpoint_gen_250.pkl,250,62,29,6,32966.22355957031,d3a7335a06309007
checkpoint_gen_250.pkl,250,63,29,6,32966.22355957031,e089cef0ec9e90ba
checkpoint_gen_250.pkl,250,64,29,6,-5054118.882868652,cf81e3c029af6586
checkpoint_gen_250.pkl,250,65,29,6,-7512276.595144043,548bb62aab0346fb
checkpoint_gen_250.pkl,250,66,29,6,16811.433837890625,e6d76afc7e21e150
checkpoint_gen_250.pkl,250,67,36,7,-5357940.060682373,058ef67567e12f7f
checkpoint_gen_250.pkl,250,68,29,6,16811.433837890625,bf29005b67c5d387
checkpoint_gen_250.pkl,250,69,40,9,-8225004.0,a50a1acfbf91570e
checkpoint_gen_250.pkl,250,70,29,6,26877.476679687497,82ba433589046ad1
checkpoint_gen_250.pkl,250,71,77,9,19267.531323242187,b62f53440a6a4efc
checkpoint_gen_250.pkl,250,72,35,6,-5005653.18966919,b4dedf6f4204c081
checkpoint_gen_250.pkl,250,73,29,6,26877.476679687497,a3ef354667a23bfd
checkpoint_gen_250.pkl,250,74,37,6,-7512276.595144043,4fc24230354714f6
checkpoint_gen_250.pkl,250,75,29,6,-7512276.595144043,558a5b19b2bc7863
checkpoint_gen_250.pkl,250,76,35,6,26757.990664062498,04fef35a43abae0c
checkpoint_gen_250.pkl,250,77,32,8,-92726.7364404297,d9da14a2c28e84cf
checkpoint_gen_250.pkl,250,78,81,10,-8224855.783213806,8215fd8742183f75
checkpoint_gen_250.pkl,250,79,33,6,-5385679.045109862,bf1a16526b9e8640
checkpoint_gen_250.pkl,250,80,29,6,30967.503559570312,3e6ca70ae61ca65d
checkpoint_gen_250.pkl,250,81,48,7,-8225004.0,2916dd0e25b93c6d
checkpoint_gen_250.pkl,250,82,31,6,26877.756679687496,41fb85afca287040
checkpoint_gen_250.pkl,250,83,29,6,26877.476679687497,82ba433589046ad1
checkpoint_gen_250.pkl,250,84,100,8,-8225004.0,699bc3b8d905a49d
checkpoint_gen_250.pkl,250,85,75,11,-7235027.580000001,d5d538ef667a1d9f
checkpoint_gen_250.pkl,250,86,29,6,-5046559.356074219,aab762f4a4de35c2
checkpoint_gen_250.pkl,250,87,29,6,26877.476679687497,82ba433589046ad1
checkpoint_gen_250.pkl,250,88,29,6,-5385679.045109862,c9abc1cfa9d98bee
checkpoint_gen_250.pkl,250,89,29,6,-7512276.595144043,b28be6fb6d0659ef
checkpoint_gen_250.pkl,250,90,25,6,32966.22355957031,1214d9eeca0e494e
checkpoint_gen_250.pkl,250,91,33,6,-7512276.595144043,8aa9acb47b6a040d
checkpoint_gen_250.pkl,250,92,29,6,-7235027.580000001,482c18948a22f558
checkpoint_gen_250.pkl,250,93,33,6,-7512276.595144043,7e95257e609c2449
checkpoint_gen_250.pkl,250,94,29,6,16810.692587890626,2d350aeeff518012
checkpoint_gen_250.pkl,250,95,35,6,26757.990664062498,04fef35a43abae0c
checkpoint_gen_250.pkl,250,96,29,6,26877.476679687497,82ba433589046ad1
checkpoint_gen_250.pkl,250,97,29,6,26877.476679687497,82ba433589046ad1
checkpoint_gen_250.pkl,250,98,29,6,26877.476679687497,a3ef354667a23bfd
checkpoint_gen_250.pkl,250,99,29,6,30967.503559570312,310d63c70ff3128b
checkpoint_gen_260.pkl,260,0,61,12,37115.151628417974,97129f816ede4432
checkpoint_gen_260.pkl,260,1,33,6,-3508115.1329599,56eb902ecebcc155
checkpoint_gen_260.pkl,260,2,66,9,-2564103.878397827,7fe6af192ebd1e8a
checkpoint_gen_260.pkl,260,3,29,6,20325.684539794922,532117cdd48ab15b
checkpoint_gen_260.pkl,260,4,58,12,36554.33322143555,b9d961819ebbc353
checkpoint_gen_260.pkl,260,5,29,6,20325.684539794922,532117cdd48ab15b
checkpoint_gen_260.pkl,260,6,29,6,21589.277125244138,0a7ab91cff862387
checkpoint_gen_260.pkl,260,7,38,7,-3508115.1329599,e255aaa853c90ba1
checkpoint_gen_260.pkl,260,8,29,6,20327.159544677736,ee77af75ae4cb167
checkpoint_gen_260.pkl,260,9,29,6,20325.684539794922,532117cdd48ab15b
checkpoint_gen_260.pkl,260,10,32,6,-3508115.1329599,17b9b51b5a79e1ed
checkpoint_gen_260.pkl,260,11,29,6,20325.684539794922,532117cdd48ab15b
checkpoint_gen_260.pkl,260,12,61,12,37115.151628417974,97129f816ede4432
checkpoint_gen_260.pkl,260,13,29,6,-7671570.0,b1ac21e665d2fda9
checkpoint_gen_260.pkl,260,14,29,6,20325.684539794922,532117cdd48ab15b
checkpoint_gen_260.pkl,260,15,55,11,37115.151628417974,2c5dc6cb0e020a11
checkpoint_gen_260.pkl,260,16,43,8,-3508115.1329599,f19d0a6f3d3fd1fa
checkpoint_gen_260.pkl,260,17,29,6,20325.684539794922,4b677b002ec3698f
checkpoint_gen_260.pkl,260,18,61,10,21942.190377197265,dc9de5b8b7146394
checkpoint_gen_260.pkl,260,19,40,7,-2450203.2790515134,2e5331740e70a181
checkpoint_gen_260.pkl,260,20,29,6,-5878302.699999999,7098124c90724bdd
checkpoint_gen_260.pkl,260,21,51,10,37115.151628417974,e034150d81b71855
checkpoint_gen_260.pkl,260,22,59,11,37115.151628417974,2f99d9d492947022
checkpoint_gen_260.pkl,260,23,29,6,20325.684539794922,532117cdd48ab15b
checkpoint_gen_260.pkl,260,24,29,6,20327.159544677736,ee77af75ae4cb167
checkpoint_gen_260.pkl,260,25,29,6,20325.684539794922,532117cdd48ab15b
checkpoint_gen_260.pkl,260,26,34,6,-6082536.0,871694fcff398295
checkpoint_gen_260.pkl,260,27,50,10,37115.151628417974,b4bbcb1b8177caab
checkpoint_gen_260.pkl,260,28,29,6,20325.684539794922,532117cdd48ab15b
checkpoint_gen_260.pkl,260,29,29,6,20325.684539794922,532117cdd48ab15b
checkpoint_gen_260.pkl,260,30,58,12,46642.99112548828,e84b3718202ba51b
checkpoint_gen_260.pkl,260,31,33,7,-3829702.7,a2e251d230799722
checkpoint_gen_260.pkl,260,32,25,6,-3508115.1329599,19801709163852de
checkpoint_gen_260.pkl,260,33,29,6,20325.684539794922,532117cdd48ab15b
checkpoint_gen_260.pkl,260,34,38,7,26350.194965820312,2d02d1f8371e4fd4
checkpoint_gen_260.pkl,260,35,33,6,-3112407.0307189943,188deb76358254bd
checkpoint_gen_260.pkl,260,36,29,6,-97110.3812426758,6859f907d2adddc2
checkpoint_gen_260.pkl,260,37,29,6,20325.684539794922,532117cdd48ab15b
checkpoint_gen_260.pkl,260,38,25,6,18158.700698242188,c86533967f3ef8a1
checkpoint_gen_260.pkl,260,39,61,12,32407.70121459961,bb6f9fcbf1ff8c74
checkpoint_gen_260.pkl,260,40,38,7,20325.684539794922,72fd7baed2a24524
checkpoint_gen_260.pkl,260,41,20,5,-2494032.2710943604,1f8a49c93de458c9
checkpoint_gen_260.pkl,260,42,29,6,20325.684539794922,532117cdd48ab15b
checkpoint_gen_260.pkl,260,43,63,11,43498.233132324225,8204ad9268607525
checkpoint_gen_260.pkl,260,44,41,8,20325.684539794922,5adf87379ed46f0d
checkpoint_gen_260.pkl,260,45,17,4,-3508115.1329599,fc57b7c73028bcfa
checkpoint_gen_260.pkl,260,46,29,6,21589.277125244138,d3bd220f954015d2
checkpoint_gen_260.pkl,260,47,29,6,20325.684539794922,532117cdd48ab15b
checkpoint_gen_260.pkl,260,48,29,6,24213.9724609375,a159ee4361bbc635
checkpoint_gen_260.pkl,260,49,29,6,31220.664643554686,c7a5881f4ac85879
checkpoint_gen_260.pkl,260,50,29,6,20158.700693359377,fee4754ccfc14bc3
checkpoint_gen_260.pkl,260,51,61,12,37115.151628417974,97129f816ede4432
checkpoint_gen_260.pkl,260,52,29,6,20325.684539794922,532117cdd48ab15b
checkpoint_gen_260.pkl,260,53,29,6,20325.684539794922,532117cdd48ab15b
checkpoint_gen_260.pkl,260,54,29,6,20325.684539794922,532117cdd48ab15b
checkpoint_gen_260.pkl,260,55,32,8,18158.700698242188,6e19c396d6976864
checkpoint_gen_260.pkl,260,56,33,7,18158.700698242188,5c643ed4b8a5671b
checkpoint_gen_260.pkl,260,57,29,6,-3508115.1329599,48c66d3b8d4545a0
checkpoint_gen_260.pkl,260,58,29,6,20325.684539794922,532117cdd48ab15b
checkpoint_gen_260.pkl,260,59,29,6,20325.684539794922,532117cdd48ab15b
checkpoint_gen_260.pkl,260,60,29,6,20325.684539794922,532117cdd48ab15b
checkpoint_gen_260.pkl,260,61,29,6,20325.684539794922,532117cdd48ab15b
checkpoint_gen_260.pkl,260,62,38,7,20325.684539794922,e7c9be1526f386b1
checkpoint_gen_260.pkl,260,63,29,6,21589.277125244138,2ca687ac9ddb3030
checkpoint_gen_260.pkl,260,64,47,8,18158.927492675783,3cccabf0cab8cd03
checkpoint_gen_260.pkl,260,65,20,5,-2494032.2710943604,1f8a49c93de458c9
checkpoint_gen_260.pkl,260,66,20,5,-2494032.2710943604,f0fe7411baa40ad4
checkpoint_gen_260.pkl,260,67,38,7,20325.684539794922,72fd7baed2a24524
checkpoint_gen_260.pkl,260,68,29,6,20325.684539794922,532117cdd48ab15b
checkpoint_gen_260.pkl,260,69,29,6,20325.684539794922,532117cdd48ab15b
checkpoint_gen_260.pkl,260,70,38,7,-3508115.1329599,2ec7f97e963fdc65
checkpoint_gen_260.pkl,260,71,68,10,-1724284.6697235107,7620f9a4930a623a
checkpoint_gen_260.pkl,260,72,59,11,37115.151628417974,e5dd753acbdfd480
checkpoint_gen_260.pkl,260,73,55,11,37115.151628417974,2c5dc6cb0e020a11
checkpoint_gen_260.pkl,260,74,64,12,37115.151628417974,55356b04ad62f3df
checkpoint_gen_260.pkl,260,75,20,5,-7499572.282826844,5226c4e37f35dca3
checkpoint_gen_260.pkl,260,76,29,6,20325.684539794922,532117cdd48ab15b
checkpoint_gen_260.pkl,260,77,29,6,-3508115.1329599,cc2316ae2e6a8f1d
checkpoint_gen_260.pkl,260,78,29,6,20325.684539794922,104bce9b876fc5f0
checkpoint_gen_260.pkl,260,79,29,6,20325.684539794922,532117cdd48ab15b
checkpoint_gen_260.pkl,260,80,29,6,-3508115.1329599,cc9b7c70640cde39
checkpoint_gen_260.pkl,260,81,29,6,20325.684539794922,532117cdd48ab15b
checkpoint_gen_260.pkl,260,82,29,6,20325.684539794922,532117cdd48ab15b
checkpoint_gen_260.pkl,260,83,40,7,-2450203.2790515134,1595eac69c3b5480
checkpoint_gen_260.pkl,260,84,29,6,20325.684539794922,532117cdd48ab15b
checkpoint_gen_260.pkl,260,85,29,6,20325.684539794922,532117cdd48ab15b
checkpoint_gen_260.pkl,260,86,37,7,-3508115.1329599,9dec82b87f02d95d
checkpoint_gen_260.pkl,260,87,30,6,-6606592.837169647,363010e179220b70
checkpoint_gen_260.pkl,260,88,58,12,46885.541220703126,27938a6e07a5d9b7
checkpoint_gen_260.pkl,260,89,29,6,-3508115.1329599,f4ce33a57d060a36
checkpoint_gen_260.pkl,260,90,58,12,36554.33322143555,b9d961819ebbc353
checkpoint_gen_260.pkl,260,91,29,6,20325.684539794922,104bce9b876fc5f0
checkpoint_gen_260.pkl,260,92,12,4,-2506829.4423229983,7ada9d6b48e426e8
checkpoint_gen_260.pkl,260,93,29,6,20325.684539794922,532117cdd48ab15b
checkpoint_gen_260.pkl,260,94,55,11,37115.151628417974,2c5dc6cb0e020a11
checkpoint_gen_260.pkl,260,95,29,6,20325.684539794922,532117cdd48ab15b
checkpoint_gen_260.pkl,260,96,29,6,31220.664643554686,c7a5881f4ac85879
checkpoint_gen_260.pkl,260,97,38,7,20325.684539794922,72fd7baed2a24524
checkpoint_gen_260.pkl,260,98,29,6,18324.516328125002,a64a6f10c53b14cc
checkpoint_gen_260.pkl,260,99,55,11,51345.32607421874,8376efa60ec5f548
checkpoint_gen_270.pkl,270,0,61,11,24552.288576660158,d205f399608b9eda
checkpoint_gen_270.pkl,270,1,87,9,-4510611.810179749,de3584bd7826f35e
checkpoint_gen_270.pkl,270,2,92,12,-4436446.846195678,4afbd3075269461c
checkpoint_gen_270.pkl,270,3,61,11,24552.288576660158,496739adc3a364f6
checkpoint_gen_270.pkl,270,4,61,11,24653.596164550778,6e2f349603b46dee
checkpoint_gen_270.pkl,270,5,61,11,39044.3049609375,f262083575f20c15
checkpoint_gen_270.pkl,270,6,58,11,23995.067420654297,cd5e8b5a0bfdebcd
checkpoint_gen_270.pkl,270,7,63,11,24552.288576660158,d5b4d4d0c0135b06
checkpoint_gen_270.pkl,270,8,61,10,-5039490.0,a5b44b8d95873bd3
checkpoint_gen_270.pkl,270,9,61,11,-3617805.4459912116,636905a559667e5e
checkpoint_gen_270.pkl,270,10,104,11,-8211004.0,d3eb34bc1ee06a52
checkpoint_gen_270.pkl,270,11,61,11,24552.288576660158,d205f399608b9eda
checkpoint_gen_270.pkl,270,12,65,11,24552.288576660158,0427f8f6d11dff11
checkpoint_gen_270.pkl,270,13,61,11,24552.288576660158,d205f399608b9eda
checkpoint_gen_270.pkl,270,14,70,12,-4436446.846195678,780234e441d0b184
checkpoint_gen_270.pkl,270,15,61,11,-3630980.7999316407,b91aa8fc4b81caa0
checkpoint_gen_270.pkl,270,16,76,12,24552.288576660158,fa5c1cae483ca9cc
checkpoint_gen_270.pkl,270,17,52,11,35802.76243774414,4bd9c36ca8b27186
checkpoint_gen_270.pkl,270,18,61,11,24552.288576660158,d205f399608b9eda
checkpoint_gen_270.pkl,270,19,61,11,24552.288576660158,d205f399608b9eda
checkpoint_gen_270.pkl,270,20,66,11,50240.46948486327,ba155371b95fc2ad
checkpoint_gen_270.pkl,270,21,56,10,24552.288576660158,5b724ae05fdeebe7
checkpoint_gen_270.pkl,270,22,66,12,24552.288576660158,360405585d517c49
checkpoint_gen_270.pkl,270,23,61,11,24552.288576660158,d205f399608b9eda
checkpoint_gen_270.pkl,270,24,61,11,24552.288576660158,d205f399608b9eda
checkpoint_gen_270.pkl,270,25,61,11,24552.288576660158,d205f399608b9eda
checkpoint_gen_270.pkl,270,26,109,18,24552.248576660153,3e4188e1c11e2d02
checkpoint_gen_270.pkl,270,27,61,11,28484.852235107428,82b2345acc7deaa3
checkpoint_gen_270.pkl,270,28,56,11,-8213004.0,19f9896c28f04b1b
checkpoint_gen_270.pkl,270,29,61,11,24552.288576660158,d205f399608b9eda
checkpoint_gen_270.pkl,270,30,61,11,11664.38604614258,3317ba2c7d62419c
checkpoint_gen_270.pkl,270,31,88,15,24552.248576660153,141e9ec14ebe57d7
checkpoint_gen_270.pkl,270,32,52,10,15806.729864501953,2a9c9d85cb9eb9bb
checkpoint_gen_270.pkl,270,33,70,12,-8211004.0,81d95ac069d31edb
checkpoint_gen_270.pkl,270,34,61,11,31408.706407470705,aa74b1de25fd1949
checkpoint_gen_270.pkl,270,35,68,12,24552.288576660158,bf0bddc1d299ba4e
checkpoint_gen_270.pkl,270,36,56,10,24552.288576660158,5b724ae05fdeebe7
checkpoint_gen_270.pkl,270,37,70,12,24552.288576660158,e4b429cd5cf3f066
checkpoint_gen_270.pkl,270,38,61,11,24552.288576660158,d205f399608b9eda
checkpoint_gen_270.pkl,270,39,64,11,33713.341873779296,c9b8d28bc10061dd
checkpoint_gen_270.pkl,270,40,80,12,33684.528372802735,7dc4ba061b3dc943
checkpoint_gen_270.pkl,270,41,82,13,-3696573.1328100585,3f807d5aedd0b149
checkpoint_gen_270.pkl,270,42,61,11,24552.288576660158,496739adc3a364f6
checkpoint_gen_270.pkl,270,43,56,10,24552.288576660158,5b724ae05fdeebe7
checkpoint_gen_270.pkl,270,44,70,12,24552.288576660158,e4b429cd5cf3f066
checkpoint_gen_270.pkl,270,45,66,12,24552.288576660158,6425a7881ba57159
checkpoint_gen_270.pkl,270,46,59,11,24552.288576660158,fbf58f9800812fc3
checkpoint_gen_270.pkl,270,47,65,11,24552.288576660158,0427f8f6d11dff11
checkpoint_gen_270.pkl,270,48,61,11,-3617805.4459912116,636905a559667e5e
checkpoint_gen_270.pkl,270,49,70,12,24552.288576660158,e4b429cd5cf3f066
checkpoint_gen_270.pkl,270,50,66,12,24552.288576660158,6425a7881ba57159
checkpoint_gen_270.pkl,270,51,65,11,24552.288576660158,0427f8f6d11dff11
checkpoint_gen_270.pkl,270,52,61,11,24552.288576660158,d205f399608b9eda
checkpoint_gen_270.pkl,270,53,61,11,24552.288576660158,496739adc3a364f6
checkpoint_gen_270.pkl,270,54,29,7,-4530160.844953919,bd5241f1c121906e
checkpoint_gen_270.pkl,270,55,76,14,31408.706407470705,128ad5f7cab227c0
checkpoint_gen_270.pkl,270,56,101,17,24552.288576660158,57b3d597c47a1707
checkpoint_gen_270.pkl,270,57,61,11,24552.288576660158,d205f399608b9eda
checkpoint_gen_270.pkl,270,58,61,11,30327.868225097656,9118e14f7757e7eb
checkpoint_gen_270.pkl,270,59,61,11,24552.288576660158,d205f399608b9eda
checkpoint_gen_270.pkl,270,60,170,18,24552.288576660158,d5e2daf89c78454e
checkpoint_gen_270.pkl,270,61,61,11,24552.288576660158,496739adc3a364f6
checkpoint_gen_270.pkl,270,62,61,11,24552.288576660158,d205f399608b9eda
checkpoint_gen_270.pkl,270,63,59,11,24552.288576660158,fbf58f9800812fc3
checkpoint_gen_270.pkl,270,64,61,11,24552.268576660157,eec5c6e6b79fba05
checkpoint_gen_270.pkl,270,65,65,11,28484.852235107428,c29501615758ae36
checkpoint_gen_270.pkl,270,66,61,11,24552.288576660158,098a0c7ca0ef49e9
checkpoint_gen_270.pkl,270,67,71,13,24552.288576660158,0bb46d9341b7c144
checkpoint_gen_270.pkl,270,68,58,11,30487.099798583986,6ee60d7d104459c7
checkpoint_gen_270.pkl,270,69,41,10,31408.706407470705,59ec495c9980c29a
checkpoint_gen_270.pkl,270,70,61,11,31618.93650268555,69aa6768c2057d01
checkpoint_gen_270.pkl,270,71,70,12,24552.288576660158,e4b429cd5cf3f066
checkpoint_gen_270.pkl,270,72,70,12,24552.288576660158,e4b429cd5cf3f066
checkpoint_gen_270.pkl,270,73,61,11,-4436446.846195678,2487fd8cd581e461
checkpoint_gen_270.pkl,270,74,61,11,24552.288576660158,d205f399608b9eda
checkpoint_gen_270.pkl,270,75,61,11,24552.288576660158,d205f399608b9eda
checkpoint_gen_270.pkl,270,76,61,11,24552.288576660158,08d7fdf7d5197bc8
checkpoint_gen_270.pkl,270,77,66,9,-5039490.0,1a443ffb883a5383
checkpoint_gen_270.pkl,270,78,61,11,24552.288576660158,d205f399608b9eda
checkpoint_gen_270.pkl,270,79,61,11,24014.978822021487,e67bbaa5fec35f04
checkpoint_gen_270.pkl,270,80,66,12,24552.288576660158,e12e8ad5289de5eb
checkpoint_gen_270.pkl,270,81,70,12,24552.288576660158,45087490aa2f39a0
checkpoint_gen_270.pkl,270,82,58,11,34486.06975952148,2d952b5652b68178
checkpoint_gen_270.pkl,270,83,38,10,-7188161.629203034,cb37d985f155c31c
checkpoint_gen_270.pkl,270,84,56,10,24552.288576660158,5b724ae05fdeebe7
checkpoint_gen_270.pkl,270,85,61,11,24552.288576660158,d205f399608b9eda
checkpoint_gen_270.pkl,270,86,61,11,24552.288576660158,d205f399608b9eda
checkpoint_gen_270.pkl,270,87,66,12,24552.288576660158,67379a52d998a6d8
checkpoint_gen_270.pkl,270,88,117,19,24552.288576660158,b4d79aeacb98579d
checkpoint_gen_270.pkl,270,89,85,11,-4436446.846195678,47a340bc2053fb24
checkpoint_gen_270.pkl,270,90,58,11,34588.347386474605,51c171e4cd08dfa6
checkpoint_gen_270.pkl,270,91,61,11,24552.288576660158,496739adc3a364f6
checkpoint_gen_270.pkl,270,92,61,11,24552.288576660158,5e8714562333f246
checkpoint_gen_270.pkl,270,93,65,11,24552.288576660158,4c4dc15247eae45b
checkpoint_gen_270.pkl,270,94,61,11,-4201733.697988281,0a10e7331c268ed3
checkpoint_gen_270.pkl,270,95,59,11,24552.288576660158,fbf58f9800812fc3
checkpoint_gen_270.pkl,270,96,109,14,31408.706407470705,18dfbedb52ea15ed
checkpoint_gen_270.pkl,270,97,56,10,24552.248576660153,5d79c6d626465849
checkpoint_gen_270.pkl,270,98,55,11,29407.45365844727,7c91ef0a54817ce8
checkpoint_gen_270.pkl,270,99,66,12,24013.61955444336,48e824f151da9889
checkpoint_gen_280.pkl,280,0,38,10,19942.88189086914,b9fb1adf407e0f9a
checkpoint_gen_280.pkl,280,1,38,10,-7697544.0,4910a55c6260aa8e
checkpoint_gen_280.pkl,280,2,38,10,19942.88189086914,49fe4e93f337d5f9
checkpoint_gen_280.pkl,280,3,38,10,19942.88189086914,49fe4e93f337d5f9
checkpoint_gen_280.pkl,280,4,38,10,-3836250.619219971,2f7196eee562ba24
checkpoint_gen_280.pkl,280,5,97,10,19942.88189086914,1f4f7a05c5047156
checkpoint_gen_280.pkl,280,6,54,14,-3146864.5808380125,aefc42b060afe933
checkpoint_gen_280.pkl,280,7,38,10,19942.88189086914,e9a9bb516b5ee5a2
checkpoint_gen_280.pkl,280,8,29,6,-7697544.0,289dda0c4490cdef
checkpoint_gen_280.pkl,280,9,38,10,20138.681373291016,6ae566fb3831f98e
checkpoint_gen_280.pkl,280,10,38,10,24392.25399536133,d4daa18939f62713
checkpoint_gen_280.pkl,280,11,38,10,20138.681373291016,f9cb599f90d7ea6b
checkpoint_gen_280.pkl,280,12,38,10,17881.76409790039,00dda41ab32be412
checkpoint_gen_280.pkl,280,13,38,10,19942.88189086914,b9fb1adf407e0f9a
checkpoint_gen_280.pkl,280,14,38,10,19942.88189086914,b9fb1adf407e0f9a
checkpoint_gen_280.pkl,280,15,38,10,19942.88189086914,b9fb1adf407e0f9a
checkpoint_gen_280.pkl,280,16,38,10,19942.88189086914,b9fb1adf407e0f9a
checkpoint_gen_280.pkl,280,17,38,10,19942.88189086914,49fe4e93f337d5f9
checkpoint_gen_280.pkl,280,18,43,10,20085.410782470703,f36e54d040541405
checkpoint_gen_280.pkl,280,19,46,11,-8222854.839321899,f7557856abed9a49
checkpoint_gen_280.pkl,280,20,46,11,20128.645919189454,72237c02a1ed90a1
checkpoint_gen_280.pkl,280,21,38,10,19942.88189086914,b9fb1adf407e0f9a
checkpoint_gen_280.pkl,280,22,52,9,-7697544.0,92c94b6a7a902f9e
checkpoint_gen_280.pkl,280,23,47,11,-8222854.839321899,991f863768f75011
checkpoint_gen_280.pkl,280,24,59,11,19942.88189086914,e4999040a9520db8
checkpoint_gen_280.pkl,280,25,82,9,-6988246.093915406,62116f0ba7d2d460
checkpoint_gen_280.pkl,280,26,120,10,23913.07079345703,f54d129c4e24a017
checkpoint_gen_280.pkl,280,27,38,10,19942.88189086914,b9fb1adf407e0f9a
checkpoint_gen_280.pkl,280,28,38,10,19942.88189086914,b9fb1adf407e0f9a
checkpoint_gen_280.pkl,280,29,38,10,19942.88189086914,b9fb1adf407e0f9a
checkpoint_gen_280.pkl,280,30,38,10,19942.88189086914,b9fb1adf407e0f9a
checkpoint_gen_280.pkl,280,31,38,10,19942.88189086914,49fe4e93f337d5f9
checkpoint_gen_280.pkl,280,32,38,10,19942.88189086914,7636efb580043cf5
checkpoint_gen_280.pkl,280,33,38,10,19942.88189086914,e9a9bb516b5ee5a2
checkpoint_gen_280.pkl,280,34,38,10,19942.88189086914,b9fb1adf407e0f9a
checkpoint_gen_280.pkl,280,35,38,10,20138.681373291016,7d8598d042bf4280
checkpoint_gen_280.pkl,280,36,38,10,-3836250.619219971,0b97641193044c52
checkpoint_gen_280.pkl,280,37,38,10,19942.88189086914,b9fb1adf407e0f9a
checkpoint_gen_280.pkl,280,38,38,10,19942.88189086914,e9a9bb516b5ee5a2
checkpoint_gen_280.pkl,280,39,43,11,-8222854.839321899,6289054ada9f0a3d
checkpoint_gen_280.pkl,280,40,28,7,24392.25399536133,d0822998c5eaf892
checkpoint_gen_280.pkl,280,41,50,10,-7017046.884327087,2565f3ffb2d2a7e7
checkpoint_gen_280.pkl,280,42,42,10,34527.353247070314,d4928023edd8e98c
checkpoint_gen_280.pkl,280,43,38,10,19942.88189086914,b9fb1adf407e0f9a
checkpoint_gen_280.pkl,280,44,38,10,19942.88189086914,49fe4e93f337d5f9
checkpoint_gen_280.pkl,280,45,38,10,19942.88189086914,49fe4e93f337d5f9
checkpoint_gen_280.pkl,280,46,38,10,-6988246.093915406,b93a3cd8e4667190
checkpoint_gen_280.pkl,280,47,38,10,19833.35530883789,c0d898b0e6fc220a
checkpoint_gen_280.pkl,280,48,38,10,19942.88189086914,49fe4e93f337d5f9
checkpoint_gen_280.pkl,280,49,38,10,19942.88189086914,e9a9bb516b5ee5a2
checkpoint_gen_280.pkl,280,50,38,10,19942.88189086914,b9fb1adf407e0f9a
checkpoint_gen_280.pkl,280,51,38,10,17642.719188232422,575e1fd43286ff1e
checkpoint_gen_280.pkl,280,52,40,10,19942.88189086914,52eb0fa9980f4ad5
checkpoint_gen_280.pkl,280,53,36,10,19942.88189086914,c28d7edf21e417d2
checkpoint_gen_280.pkl,280,54,38,10,19942.88189086914,49fe4e93f337d5f9
checkpoint_gen_280.pkl,280,55,39,9,-7514847.6,c8aa2a2f9b35a831
checkpoint_gen_280.pkl,280,56,37,10,-8222854.839321899,cef3a80bade2f581
checkpoint_gen_280.pkl,280,57,38,10,19942.88189086914,b9fb1adf407e0f9a
checkpoint_gen_280.pkl,280,58,51,14,-298957.3414929199,df9295e5ace4962b
checkpoint_gen_280.pkl,280,59,25,6,-8222854.839321899,3d8166a4d50ea28d
checkpoint_gen_280.pkl,280,60,38,10,19942.88189086914,b9fb1adf407e0f9a
checkpoint_gen_280.pkl,280,61,38,10,19942.88189086914,b9fb1adf407e0f9a
checkpoint_gen_280.pkl,280,62,38,10,19942.88189086914,b9fb1adf407e0f9a
checkpoint_gen_280.pkl,280,63,38,10,19942.88189086914,b9fb1adf407e0f9a
checkpoint_gen_280.pkl,280,64,38,10,19942.88189086914,b9fb1adf407e0f9a
checkpoint_gen_280.pkl,280,65,38,10,19942.88189086914,49fe4e93f337d5f9
checkpoint_gen_280.pkl,280,66,4,2,-7431930.7,977ec0a7bd473f38
checkpoint_gen_280.pkl,280,67,38,10,19833.35530883789,c0d898b0e6fc220a
checkpoint_gen_280.pkl,280,68,86,11,-7697544.0,026ebca9ad06465e
checkpoint_gen_280.pkl,280,69,35,10,-8222854.839321899,a1dee27107a41156
checkpoint_gen_280.pkl,280,70,47,11,23126.03987792969,6f6c8512809e8a32
checkpoint_gen_280.pkl,280,71,90,10,-6988246.093915406,3df2d03f731e176a
checkpoint_gen_280.pkl,280,72,72,10,19942.88189086914,4247ad00fb25d6e6
checkpoint_gen_280.pkl,280,73,64,11,-6988246.093915406,ce15918e906c0d02
checkpoint_gen_280.pkl,280,74,38,10,19942.88189086914,b9fb1adf407e0f9a
checkpoint_gen_280.pkl,280,75,38,10,9610.683908691406,66ac02c1302dcbdb
checkpoint_gen_280.pkl,280,76,62,9,-3889497.3036340335,6188ab4b25faf87d
checkpoint_gen_280.pkl,280,77,38,10,19942.88189086914,b9fb1adf407e0f9a
checkpoint_gen_280.pkl,280,78,38,10,19942.88189086914,49fe4e93f337d5f9
checkpoint_gen_280.pkl,280,79,38,10,19942.88189086914,49fe4e93f337d5f9
checkpoint_gen_280.pkl,280,80,27,6,-8222854.839321899,0b67f03754790773
checkpoint_gen_280.pkl,280,81,49,13,-8222854.839321899,9a08b06f4864260e
checkpoint_gen_280.pkl,280,82,28,7,24392.25399536133,84282f7b91019c52
checkpoint_gen_280.pkl,280,83,50,10,24392.25399536133,49444d8fef70d48d
checkpoint_gen_280.pkl,280,84,38,10,-8222752.289472962,36dcfbf07147526b
checkpoint_gen_280.pkl,280,85,38,10,19942.88189086914,b9fb1adf407e0f9a
checkpoint_gen_280.pkl,280,86,59,12,19942.88189086914,b65b267f901e0a4d
checkpoint_gen_280.pkl,280,87,17,4,-3889350.364073486,94fada7a10bd720e
checkpoint_gen_280.pkl,280,88,38,10,19942.88189086914,49fe4e93f337d5f9
checkpoint_gen_280.pkl,280,89,33,7,-7697544.0,9dd7fb3439e3409f
checkpoint_gen_280.pkl,280,90,38,10,19942.88189086914,b9fb1adf407e0f9a
checkpoint_gen_280.pkl,280,91,38,10,19942.88189086914,b9fb1adf407e0f9a
checkpoint_gen_280.pkl,280,92,38,10,19833.35530883789,0db068c3dbfa8aea
checkpoint_gen_280.pkl,280,93,38,10,19942.88189086914,b9fb1adf407e0f9a
checkpoint_gen_280.pkl,280,94,38,10,19942.88189086914,49fe4e93f337d5f9
checkpoint_gen_280.pkl,280,95,38,10,19942.88189086914,b9fb1adf407e0f9a
checkpoint_gen_280.pkl,280,96,32,9,-3889350.364073486,433f032bc41f359a
checkpoint_gen_280.pkl,280,97,36,7,-7697544.0,806f561f5ba22179
checkpoint_gen_280.pkl,280,98,38,10,19942.88189086914,e2f1e8700aa76c90
checkpoint_gen_280.pkl,280,99,38,10,5961.484611206056,4a34f60e68a3e6b8
checkpoint_gen_290.pkl,290,0,38,7,29907.402493896487,657b43c7f2a8e289
checkpoint_gen_290.pkl,290,1,31,7,-422503.6287329102,5507cf4312780780
checkpoint_gen_290.pkl,290,2,38,7,29907.402493896487,ed50651d610dd78c
checkpoint_gen_290.pkl,290,3,42,7,-3093997.111299438,07bec8b85c56e4fa
checkpoint_gen_290.pkl,290,4,38,7,29907.402493896487,657b43c7f2a8e289
checkpoint_gen_290.pkl,290,5,38,7,29907.402493896487,dd5ad81d54b47af0
checkpoint_gen_290.pkl,290,6,41,7,-3093997.111299438,117477c1b5a82dc8
checkpoint_gen_290.pkl,290,7,38,7,29907.402493896487,657b43c7f2a8e289
checkpoint_gen_290.pkl,290,8,42,7,29907.402493896487,94a2e216fbfddfcc
checkpoint_gen_290.pkl,290,9,42,7,-3093997.111299438,bfd33835b8eb052f
checkpoint_gen_290.pkl,290,10,38,7,29907.402493896487,ed50651d610dd78c
checkpoint_gen_290.pkl,290,11,38,7,29907.402493896487,ed50651d610dd78c
checkpoint_gen_290.pkl,290,12,37,7,-3409424.2904052734,3b3c0c91677e907c
checkpoint_gen_290.pkl,290,13,38,7,-8216855.424667358,c52a21249de5730a
checkpoint_gen_290.pkl,290,14,38,7,29907.402493896487,11102aa12ab282bc
checkpoint_gen_290.pkl,290,15,38,7,-3060355.9380346686,54f7647bb2ada974
checkpoint_gen_290.pkl,290,16,38,7,36934.28400390626,94d9ae6a93edc547
checkpoint_gen_290.pkl,290,17,38,7,-8217004.0,c5ac5fff9fdfdd43
checkpoint_gen_290.pkl,290,18,36,6,-8217004.0,2f1c3a1435de6bc1
checkpoint_gen_290.pkl,290,19,37,7,23579.956964111327,30a0391d6f0c641c
checkpoint_gen_290.pkl,290,20,76,10,-6074322.0,81bb97b190edd15a
checkpoint_gen_290.pkl,290,21,38,7,-5517794.076395874,9840f8e4296ce027
checkpoint_gen_290.pkl,290,22,61,7,-5517794.076395874,c2b6afa752506b52
checkpoint_gen_290.pkl,290,23,26,7,-3093997.111299438,9fb3f0e213c719a7
checkpoint_gen_290.pkl,290,24,38,7,29907.402493896487,657b43c7f2a8e289
checkpoint_gen_290.pkl,290,25,38,7,29907.402493896487,657b43c7f2a8e289
checkpoint_gen_290.pkl,290,26,45,7,29907.402493896487,6ddcabc46a6a2988
checkpoint_gen_290.pkl,290,27,35,6,-6074322.0,b3ecbb37a81cb33b
checkpoint_gen_290.pkl,290,28,38,7,29907.402493896487,ed50651d610dd78c
checkpoint_gen_290.pkl,290,29,38,7,29907.402493896487,657b43c7f2a8e289
checkpoint_gen_290.pkl,290,30,88,11,29907.402493896487,76e68ded8a939907
checkpoint_gen_290.pkl,290,31,38,7,29907.402493896487,657b43c7f2a8e289
checkpoint_gen_290.pkl,290,32,37,7,-3093996.8844989007,133fdd8932567d57
checkpoint_gen_290.pkl,290,33,44,7,29907.402493896487,6b13ae83caf1cb0f
checkpoint_gen_290.pkl,290,34,38,7,29907.402493896487,657b43c7f2a8e289
checkpoint_gen_290.pkl,290,35,38,7,29907.402493896487,ed50651d610dd78c
checkpoint_gen_290.pkl,290,36,62,8,-6074322.0,62d261c5fc3074f7
checkpoint_gen_290.pkl,290,37,38,7,36934.28400390626,94d9ae6a93edc547
checkpoint_gen_290.pkl,290,38,45,7,29907.402493896487,1ff6dbe61ef7a148
checkpoint_gen_290.pkl,290,39,31,5,-6074322.0,035575efa9ecbf31
checkpoint_gen_290.pkl,290,40,38,7,29907.402493896487,657b43c7f2a8e289
checkpoint_gen_290.pkl,290,41,38,7,29907.402493896487,657b43c7f2a8e289
checkpoint_gen_290.pkl,290,42,38,7,29907.402493896487,657b43c7f2a8e289
checkpoint_gen_290.pkl,290,43,38,7,29907.402493896487,ed50651d610dd78c
checkpoint_gen_290.pkl,290,44,38,7,29907.402493896487,ed50651d610dd78c
checkpoint_gen_290.pkl,290,45,56,8,29841.71727661133,89528f5b6f024978
checkpoint_gen_290.pkl,290,46,42,7,29907.402493896487,eb2442aa07ff91d3
checkpoint_gen_290.pkl,290,47,38,7,29907.402493896487,657b43c7f2a8e289
checkpoint_gen_290.pkl,290,48,38,7,29907.402493896487,ed50651d610dd78c
checkpoint_gen_290.pkl,290,49,38,7,29907.402493896487,ed50651d610dd78c
checkpoint_gen_290.pkl,290,50,38,7,29907.402493896487,657b43c7f2a8e289
checkpoint_gen_290.pkl,290,51,38,7,29907.402493896487,657b43c7f2a8e289
checkpoint_gen_290.pkl,290,52,65,10,-3656368.392788086,c802a09bb201972b
checkpoint_gen_290.pkl,290,53,37,7,36306.51545288086,2effa53e93ad7d71
checkpoint_gen_290.pkl,290,54,37,7,23579.956964111327,190d90d63d2a536f
checkpoint_gen_290.pkl,290,55,37,7,-413533.5805969239,a9a2a0896967899a
checkpoint_gen_290.pkl,290,56,43,9,-6075153.402002335,c1fbe3e67434b4d0
checkpoint_gen_290.pkl,290,57,38,7,29907.402493896487,657b43c7f2a8e289
checkpoint_gen_290.pkl,290,58,38,7,29907.402493896487,dd5ad81d54b47af0
checkpoint_gen_290.pkl,290,59,31,7,29907.402493896487,71bef14829536bf7
checkpoint_gen_290.pkl,290,60,31,7,29907.402493896487,701f4361004065aa
checkpoint_gen_290.pkl,290,61,37,7,23579.956964111327,190d90d63d2a536f
checkpoint_gen_290.pkl,290,62,38,7,29907.402493896487,ed50651d610dd78c
checkpoint_gen_290.pkl,290,63,43,7,23579.956964111327,d413de2514e34e45
checkpoint_gen_290.pkl,290,64,66,9,-5517794.076395874,1c569a987469b16c
checkpoint_gen_290.pkl,290,65,22,6,-2842555.415977783,e17c997ac57b2ca1
checkpoint_gen_290.pkl,290,66,31,7,29907.402493896487,ef2a24ca07a61be5
checkpoint_gen_290.pkl,290,67,85,9,-4538023.618399834,c245ed770370815a
checkpoint_gen_290.pkl,290,68,38,7,-5354890.0600000005,fb44a8c032fe9331
checkpoint_gen_290.pkl,290,69,42,7,-3487686.3066510013,64ba60bfca417880
checkpoint_gen_290.pkl,290,70,38,7,29907.402493896487,50b73c1712fecf88
checkpoint_gen_290.pkl,290,71,42,7,-3093997.111299438,03566a96e8ab3e88
checkpoint_gen_290.pkl,290,72,22,6,-2842555.415977783,e17c997ac57b2ca1
checkpoint_gen_290.pkl,290,73,60,8,29907.402493896487,8486c38d1e4238d9
checkpoint_gen_290.pkl,290,74,36,7,29907.402493896487,fd62ca1786a7fbf3
checkpoint_gen_290.pkl,290,75,52,9,29907.402493896487,470a1dfa93891de1
checkpoint_gen_290.pkl,290,76,38,7,-771938.4581469742,55eeef100bb39fe8
checkpoint_gen_290.pkl,290,77,38,7,23568.30397583008,5d9d710aaadc820a
checkpoint_gen_290.pkl,290,78,36,7,-8216855.424667358,3419b4cdaf42e43a
checkpoint_gen_290.pkl,290,79,40,7,29907.402493896487,4fdcc97b76414d6c
checkpoint_gen_290.pkl,290,80,38,7,29907.402493896487,dd5ad81d54b47af0
checkpoint_gen_290.pkl,290,81,38,7,29907.402493896487,af4dcd636a17089f
checkpoint_gen_290.pkl,290,82,31,7,29907.402493896487,701f4361004065aa
checkpoint_gen_290.pkl,290,83,38,7,29907.402493896487,dd5ad81d54b47af0
checkpoint_gen_290.pkl,290,84,38,7,29907.402493896487,657b43c7f2a8e289
checkpoint_gen_290.pkl,290,85,42,7,29907.402493896487,33e6bbf7cfd30245
checkpoint_gen_290.pkl,290,86,35,7,-2842555.415977783,b7ad7ca02d54d8ca
checkpoint_gen_290.pkl,290,87,38,7,29907.402493896487,ed50651d610dd78c
checkpoint_gen_290.pkl,290,88,38,7,32725.07474487304,a2a5965ccbec961a
checkpoint_gen_290.pkl,290,89,38,7,27569.136799316406,0a64f18c5bc7ff70
checkpoint_gen_290.pkl,290,90,38,7,29907.402493896487,657b43c7f2a8e289
checkpoint_gen_290.pkl,290,91,50,9,29907.402493896487,a0e465770e88b76e
checkpoint_gen_290.pkl,290,92,38,7,29907.402493896487,657b43c7f2a8e289
checkpoint_gen_290.pkl,290,93,105,7,-5612866.699999999,cd16a1723ec42e6b
checkpoint_gen_290.pkl,290,94,38,7,29907.402493896487,ed50651d610dd78c
checkpoint_gen_290.pkl,290,95,38,7,29907.402493896487,657b43c7f2a8e289
checkpoint_gen_290.pkl,290,96,38,7,29907.402493896487,657b43c7f2a8e289
checkpoint_gen_290.pkl,290,97,38,7,29907.402493896487,657b43c7f2a8e289
checkpoint_gen_290.pkl,290,98,31,7,29907.402493896487,71bef14829536bf7
checkpoint_gen_290.pkl,290,99,45,7,29907.402493896487,628c67727df94cb6
checkpoint_gen_300.pkl,299,0,38,7,33129.261768798824,fa8ec30ffa8bf84d
checkpoint_gen_300.pkl,299,1,84,8,-6612960.0,a31e8097c87bc6bc
checkpoint_gen_300.pkl,299,2,31,7,31053.871520996094,372c955150f0d967
checkpoint_gen_300.pkl,299,3,31,7,31053.871520996094,372c955150f0d967
checkpoint_gen_300.pkl,299,4,31,7,10547.917900390627,f934b7e0dadf0ae1
checkpoint_gen_300.pkl,299,5,38,7,31053.871520996094,7fbc87afecdbf5ff
checkpoint_gen_300.pkl,299,6,38,7,25574.09810180664,2103e2aa735668df
checkpoint_gen_300.pkl,299,7,31,7,20796.876138916014,288e160917b3c15b
checkpoint_gen_300.pkl,299,8,38,7,33129.261768798824,fa8ec30ffa8bf84d
checkpoint_gen_300.pkl,299,9,31,7,31053.871520996094,bfec4b1ac450c59d
checkpoint_gen_300.pkl,299,10,38,7,25574.09810180664,8e473a0a795bfe4f
checkpoint_gen_300.pkl,299,11,42,7,25574.09810180664,c2fb0eb46979ba7e
checkpoint_gen_300.pkl,299,12,38,7,25574.09810180664,8e473a0a795bfe4f
checkpoint_gen_300.pkl,299,13,38,7,25574.09810180664,8e473a0a795bfe4f
checkpoint_gen_300.pkl,299,14,31,7,31053.871520996094,bfec4b1ac450c59d
checkpoint_gen_300.pkl,299,15,44,9,-3250376.242905273,8287d6327b8beea8
checkpoint_gen_300.pkl,299,16,38,7,25574.09810180664,2103e2aa735668df
checkpoint_gen_300.pkl,299,17,31,7,31053.871520996094,bfec4b1ac450c59d
checkpoint_gen_300.pkl,299,18,30,6,-3058320.535446777,c8d649bb3fc37e7a
checkpoint_gen_300.pkl,299,19,38,7,31053.871520996094,ebc5f5eaa8bcac4b
checkpoint_gen_300.pkl,299,20,51,8,31053.871520996094,8ddc385660505424
checkpoint_gen_300.pkl,299,21,25,6,-3228634.087904663,4895655ab86cdc33
checkpoint_gen_300.pkl,299,22,4,2,-6612960.0,2d06304ca207508f
checkpoint_gen_300.pkl,299,23,38,7,25574.09810180664,8e473a0a795bfe4f
checkpoint_gen_300.pkl,299,24,42,7,25574.09810180664,0b8e9327dd8b0082
checkpoint_gen_300.pkl,299,25,42,7,25574.09810180664,88c6af5e04476bdd
checkpoint_gen_300.pkl,299,26,31,7,31053.871520996094,73a7a229b5471747
checkpoint_gen_300.pkl,299,27,31,7,31053.871520996094,b06b46b7a745a3bf
checkpoint_gen_300.pkl,299,28,31,7,31053.871520996094,bfec4b1ac450c59d
checkpoint_gen_300.pkl,299,29,31,7,31053.871520996094,fc42b8e6ce2d52af
checkpoint_gen_300.pkl,299,30,31,7,31053.871520996094,bfec4b1ac450c59d
checkpoint_gen_300.pkl,299,31,38,7,25574.09810180664,8e473a0a795bfe4f
checkpoint_gen_300.pkl,299,32,96,12,31053.871520996094,ad9b4d07176f55f1
checkpoint_gen_300.pkl,299,33,38,7,25574.09810180664,2103e2aa735668df
checkpoint_gen_300.pkl,299,34,35,7,31053.871520996094,30804faeec7127a8
checkpoint_gen_300.pkl,299,35,27,6,-934979.9825378418,cd34ce1b91bb4c06
checkpoint_gen_300.pkl,299,36,31,7,31053.871520996094,372c955150f0d967
checkpoint_gen_300.pkl,299,37,31,7,31053.871520996094,1c9db9b0d1e8e107
checkpoint_gen_300.pkl,299,38,31,7,31053.871520996094,bfec4b1ac450c59d
checkpoint_gen_300.pkl,299,39,8,3,-3968874.330393067,69dec9f0f8c0cfce
checkpoint_gen_300.pkl,299,40,42,7,25574.09810180664,c2fb0eb46979ba7e
checkpoint_gen_300.pkl,299,41,42,7,31053.871520996094,0d20a26b66ab4ad7
checkpoint_gen_300.pkl,299,42,42,7,25574.09810180664,c2fb0eb46979ba7e
checkpoint_gen_300.pkl,299,43,86,10,-3006216.9301727293,f94032db459541c6
checkpoint_gen_300.pkl,299,44,37,8,31053.871520996094,35353cd5b7587785
checkpoint_gen_300.pkl,299,45,29,6,31053.871520996094,eb77f3c1011cfce6
checkpoint_gen_300.pkl,299,46,42,7,25574.09810180664,37723ded6c0c60c5
checkpoint_gen_300.pkl,299,47,38,7,-1098446.8087927243,c5d7ba2af62eacf0
checkpoint_gen_300.pkl,299,48,37,6,-289992.7489685058,e703c3c39432bc87
checkpoint_gen_300.pkl,299,49,31,7,-2923158.574106445,a83ee471d30b5f97
checkpoint_gen_300.pkl,299,50,38,7,25574.09810180664,2103e2aa735668df
checkpoint_gen_300.pkl,299,51,31,7,31053.871520996094,73a7a229b5471747
checkpoint_gen_300.pkl,299,52,8,3,-3250376.242905273,ed282e1d7f4ce6de
checkpoint_gen_300.pkl,299,53,38,7,31053.871520996094,9ad743d02fac70ff
checkpoint_gen_300.pkl,299,54,38,7,25574.09810180664,2103e2aa735668df
checkpoint_gen_300.pkl,299,55,66,8,-6387498.699999999,26750826584c9d9c
checkpoint_gen_300.pkl,299,56,38,7,-3058320.535446777,ebb29cb89764c6d9
checkpoint_gen_300.pkl,299,57,30,6,-3091175.5262982175,79b6dfbe2c3b5a9e
checkpoint_gen_300.pkl,299,58,31,7,31053.871520996094,bfec4b1ac450c59d
checkpoint_gen_300.pkl,299,59,38,7,25574.09810180664,2103e2aa735668df
checkpoint_gen_300.pkl,299,60,38,7,-218172.92479980475,42723a99f17b32b5
checkpoint_gen_300.pkl,299,61,31,7,31053.871520996094,372c955150f0d967
checkpoint_gen_300.pkl,299,62,38,7,25574.09810180664,2103e2aa735668df
checkpoint_gen_300.pkl,299,63,38,7,25574.09810180664,2103e2aa735668df
checkpoint_gen_300.pkl,299,64,38,7,25574.09810180664,2103e2aa735668df
checkpoint_gen_300.pkl,299,65,49,7,-3056608.433098755,37ff153073ce1d4d
checkpoint_gen_300.pkl,299,66,38,7,25574.09810180664,8e473a0a795bfe4f
checkpoint_gen_300.pkl,299,67,33,8,31053.871520996094,dd2855f2e163ef86
checkpoint_gen_300.pkl,299,68,38,7,25574.09810180664,2103e2aa735668df
checkpoint_gen_300.pkl,299,69,31,7,31053.871520996094,f2bf3d534e7617ac
checkpoint_gen_300.pkl,299,70,31,7,31053.871520996094,bfec4b1ac450c59d
checkpoint_gen_300.pkl,299,71,38,7,25574.09810180664,2103e2aa735668df
checkpoint_gen_300.pkl,299,72,28,7,31053.871520996094,ae65b6a47b0f6cb8
checkpoint_gen_300.pkl,299,73,38,7,25574.09810180664,8e473a0a795bfe4f
checkpoint_gen_300.pkl,299,74,38,7,17299.110029296873,fe1c4dc9a06d8ee4
checkpoint_gen_300.pkl,299,75,31,7,31053.871520996094,b06b46b7a745a3bf
checkpoint_gen_300.pkl,299,76,30,6,31053.871520996094,8184ad96a7b0b844
checkpoint_gen_300.pkl,299,77,31,7,31053.871520996094,b3a7481039793bd6
checkpoint_gen_300.pkl,299,78,31,7,-3250376.242905273,ebc8eaa3ad09c079
checkpoint_gen_300.pkl,299,79,31,7,-3250376.242905273,4a4427b1ee630f32
checkpoint_gen_300.pkl,299,80,42,7,-3058320.535446777,e01f7c3534cdc4cd
checkpoint_gen_300.pkl,299,81,34,6,-3091175.979899292,cf1c8b7412a8fbe4
checkpoint_gen_300.pkl,299,82,31,7,31053.871520996094,bfec4b1ac450c59d
checkpoint_gen_300.pkl,299,83,34,7,-6612960.0,9f8aea90e8f8836b
checkpoint_gen_300.pkl,299,84,31,7,-3058320.535446777,2933cf9e27edcb8d
checkpoint_gen_300.pkl,299,85,51,7,-3224523.7937841797,9130613495f22c16
checkpoint_gen_300.pkl,299,86,38,7,25574.09810180664,2103e2aa735668df
checkpoint_gen_300.pkl,299,87,31,7,31053.871520996094,c5fc1c154fc6f195
checkpoint_gen_300.pkl,299,88,31,7,31053.871520996094,bfec4b1ac450c59d
checkpoint_gen_300.pkl,299,89,31,7,-7688759.002002334,9209ef1c4f474994
checkpoint_gen_300.pkl,299,90,48,8,-289992.7489685058,5bc550f6fa2a583f
checkpoint_gen_300.pkl,299,91,31,7,31053.871520996094,bfec4b1ac450c59d
checkpoint_gen_300.pkl,299,92,30,6,31053.871520996094,8184ad96a7b0b844
checkpoint_gen_300.pkl,299,93,35,7,31053.871520996094,1612a364bbfa1100
checkpoint_gen_300.pkl,299,94,26,7,-3058320.535446777,1f44647f647afbba
checkpoint_gen_300.pkl,299,95,50,8,-289992.7489685058,9d60c7f233ce96f2
checkpoint_gen_300.pkl,299,96,38,7,25574.09810180664,2103e2aa735668df
checkpoint_gen_300.pkl,299,97,38,7,-3225904.191862182,72d69ca9c1b99c35
checkpoint_gen_300.pkl,299,98,38,7,-3250376.242905273,5a16afdd6d4458c4
checkpoint_gen_300.pkl,299,99,41,7,-5047326.544651789,c2090099ac3244ef
